id,Gender,SeniorCitizen
1,Female,0
2,Male,0
3,Male,0
4,Male,0
5,Female,0
6,Female,0
7,Male,0
8,Female,0
9,Female,0
10,Male,0
11,Male,0
12,Male,0
13,Male,0
14,Male,0
15,Male,0
16,Female,0
17,Female,0
18,Male,0
19,Female,0
20,Female,0
21,Male,1
22,Male,0
23,Male,0
24,Female,0
25,Male,0
26,Female,0
27,Male,0
28,Male,0
29,Male,0
30,Female,0
31,Female,1
32,Male,1
33,Female,0
34,Male,0
35,Male,1
36,Female,0
37,Male,0
38,Female,0
39,Male,0
40,Female,0
41,Male,0
42,Female,0
43,Female,0
44,Female,0
45,Female,0
46,Female,0
47,Male,0
48,Female,0
49,Male,0
50,Female,0
51,Female,1
52,Female,0
53,Female,1
54,Female,1
55,Female,1
56,Male,1
57,Female,0
58,Male,1
59,Female,0
60,Female,0
61,Female,0
62,Male,0
63,Male,0
64,Female,0
65,Female,0
66,Female,0
67,Male,0
68,Female,0
69,Female,0
70,Male,0
71,Male,0
72,Female,0
73,Male,1
74,Male,0
75,Female,0
76,Female,1
77,Female,0
78,Female,0
79,Male,1
80,Female,0
81,Female,0
82,Female,0
83,Female,0
84,Female,0
85,Female,0
86,Male,0
87,Female,0
88,Female,0
89,Female,0
90,Male,0
91,Male,0
92,Male,1
93,Male,0
94,Female,0
95,Male,0
96,Female,0
97,Male,0
98,Male,0
99,Male,0
100,Female,1
101,Male,0
102,Female,0
103,Male,0
104,Female,1
105,Male,0
106,Male,0
107,Female,0
108,Female,0
109,Male,0
110,Male,0
111,Male,0
112,Female,0
113,Female,0
114,Female,1
115,Female,0
116,Male,0
117,Female,0
118,Female,0
119,Female,0
120,Male,0
121,Female,0
122,Female,0
123,Male,0
124,Female,0
125,Female,0
126,Male,0
127,Female,1
128,Male,0
129,Male,0
130,Male,1
131,Female,0
132,Female,0
133,Male,0
134,Male,0
135,Male,0
136,Female,0
137,Female,0
138,Female,0
139,Male,0
140,Female,1
141,Female,1
142,Female,0
143,Female,0
144,Male,0
145,Male,1
146,Female,0
147,Male,0
148,Male,0
149,Male,0
150,Male,0
151,Female,0
152,Male,0
153,Female,0
154,Male,0
155,Female,0
156,Female,0
157,Female,0
158,Male,0
159,Male,0
160,Male,0
161,Female,0
162,Female,0
163,Female,0
164,Male,0
165,Female,0
166,Male,0
167,Female,0
168,Male,0
169,Male,1
170,Female,0
171,Male,0
172,Female,0
173,Male,0
174,Female,0
175,Female,0
176,Female,0
177,Female,1
178,Female,1
179,Female,0
180,Male,0
181,Female,0
182,Female,0
183,Male,0
184,Male,0
185,Female,0
186,Female,0
187,Male,0
188,Male,0
189,Female,0
190,Female,0
191,Male,0
192,Male,0
193,Female,0
194,Female,0
195,Male,0
196,Female,0
197,Male,0
198,Male,0
199,Male,0
200,Male,0
201,Female,0
202,Female,0
203,Male,0
204,Male,0
205,Male,0
206,Female,0
207,Male,0
208,Male,0
209,Female,0
210,Male,0
211,Male,0
212,Female,0
213,Male,0
214,Female,0
215,Male,1
216,Female,0
217,Male,0
218,Male,0
219,Male,0
220,Female,0
221,Female,0
222,Female,0
223,Male,0
224,Male,0
225,Female,0
226,Male,0
227,Female,0
228,Female,0
229,Male,0
230,Female,0
231,Male,0
232,Male,0
233,Male,0
234,Female,0
235,Female,0
236,Male,0
237,Female,0
238,Male,0
239,Female,1
240,Male,0
241,Female,0
242,Male,0
243,Female,0
244,Female,1
245,Female,1
246,Male,1
247,Male,0
248,Male,1
249,Male,0
250,Male,0
251,Female,0
252,Female,0
253,Male,1
254,Male,0
255,Male,0
256,Female,0
257,Female,0
258,Male,0
259,Female,0
260,Female,1
261,Male,1
262,Male,1
263,Male,1
264,Female,0
265,Female,0
266,Female,0
267,Male,0
268,Female,1
269,Male,0
270,Female,0
271,Female,1
272,Male,0
273,Male,0
274,Male,1
275,Male,0
276,Male,0
277,Female,0
278,Male,1
279,Male,0
280,Female,0
281,Female,0
282,Female,0
283,Female,0
284,Female,0
285,Male,0
286,Female,0
287,Female,0
288,Male,0
289,Male,1
290,Male,0
291,Male,1
292,Male,0
293,Male,0
294,Female,1
295,Female,0
296,Male,0
297,Female,0
298,Male,1
299,Male,0
300,Female,0
301,Male,0
302,Female,1
303,Male,0
304,Female,0
305,Male,0
306,Male,0
307,Male,1
308,Male,0
309,Male,1
310,Male,0
311,Female,0
312,Female,0
313,Female,0
314,Female,1
315,Male,0
316,Male,0
317,Male,0
318,Female,0
319,Male,1
320,Male,0
321,Female,1
322,Female,0
323,Male,0
324,Female,0
325,Male,0
326,Female,0
327,Female,1
328,Female,1
329,Female,1
330,Female,1
331,Female,0
332,Female,0
333,Male,0
334,Female,0
335,Female,0
336,Male,0
337,Female,0
338,Female,0
339,Female,0
340,Male,0
341,Female,1
342,Female,0
343,Female,0
344,Male,0
345,Female,0
346,Female,1
347,Female,0
348,Female,0
349,Female,0
350,Female,1
351,Male,0
352,Male,0
353,Female,1
354,Male,0
355,Female,1
356,Female,0
357,Female,1
358,Male,0
359,Male,1
360,Male,0
361,Male,0
362,Female,0
363,Male,0
364,Female,0
365,Male,0
366,Male,0
367,Male,0
368,Female,0
369,Male,0
370,Male,0
371,Male,0
372,Male,0
373,Male,0
374,Female,0
375,Male,0
376,Female,0
377,Male,0
378,Female,0
379,Female,0
380,Male,0
381,Female,0
382,Male,0
383,Male,1
384,Male,0
385,Male,0
386,Male,1
387,Female,1
388,Female,0
389,Male,0
390,Male,0
391,Female,0
392,Male,1
393,Female,1
394,Female,0
395,Female,1
396,Female,0
397,Male,1
398,Female,0
399,Male,1
400,Female,0
401,Female,0
402,Female,0
403,Male,0
404,Female,0
405,Male,0
406,Male,0
407,Male,0
408,Male,1
409,Female,0
410,Male,0
411,Male,1
412,Female,0
413,Female,0
414,Male,0
415,Female,1
416,Female,0
417,Male,0
418,Female,0
419,Female,0
420,Female,1
421,Female,0
422,Female,0
423,Male,0
424,Male,0
425,Female,0
426,Female,1
427,Male,1
428,Female,0
429,Male,0
430,Female,0
431,Female,0
432,Female,0
433,Male,0
434,Male,0
435,Male,0
436,Female,0
437,Male,0
438,Male,0
439,Male,0
440,Male,0
441,Female,0
442,Female,1
443,Female,0
444,Female,0
445,Female,0
446,Female,0
447,Female,0
448,Female,0
449,Male,0
450,Male,0
451,Female,0
452,Female,1
453,Male,0
454,Female,0
455,Female,0
456,Female,0
457,Male,0
458,Female,0
459,Male,0
460,Male,0
461,Male,0
462,Female,0
463,Male,0
464,Male,0
465,Male,1
466,Male,0
467,Male,1
468,Male,0
469,Female,0
470,Female,0
471,Female,1
472,Male,0
473,Male,0
474,Male,0
475,Female,0
476,Male,0
477,Male,1
478,Female,0
479,Male,0
480,Female,0
481,Male,0
482,Female,0
483,Female,1
484,Female,0
485,Female,0
486,Male,0
487,Female,0
488,Male,0
489,Female,0
490,Male,0
491,Male,0
492,Female,0
493,Female,0
494,Male,1
495,Male,0
496,Male,0
497,Male,0
498,Female,0
499,Female,1
500,Female,0
501,Male,0
502,Female,1
503,Female,0
504,Female,0
505,Male,0
506,Female,1
507,Male,0
508,Male,0
509,Female,0
510,Female,0
511,Male,1
512,Male,0
513,Female,1
514,Female,0
515,Male,0
516,Male,0
517,Female,0
518,Female,1
519,Female,1
520,Male,0
521,Male,0
522,Male,1
523,Male,0
524,Female,0
525,Male,0
526,Male,0
527,Male,1
528,Male,0
529,Male,0
530,Female,1
531,Female,0
532,Male,0
533,Male,0
534,Male,1
535,Female,0
536,Male,0
537,Female,0
538,Female,0
539,Female,0
540,Female,0
541,Female,0
542,Female,0
543,Female,0
544,Male,0
545,Male,0
546,Male,0
547,Male,0
548,Female,0
549,Male,1
550,Male,0
551,Male,0
552,Female,0
553,Male,0
554,Female,0
555,Male,0
556,Female,0
557,Female,0
558,Male,0
559,Male,0
560,Male,0
561,Male,0
562,Male,0
563,Male,0
564,Male,0
565,Male,0
566,Male,0
567,Male,0
568,Male,0
569,Female,0
570,Female,0
571,Female,0
572,Male,1
573,Female,0
574,Male,0
575,Female,1
576,Male,0
577,Male,0
578,Male,0
579,Male,1
580,Male,0
581,Female,0
582,Female,0
583,Female,1
584,Female,0
585,Female,0
586,Female,1
587,Male,0
588,Male,0
589,Male,0
590,Male,0
591,Male,0
592,Male,0
593,Male,0
594,Male,0
595,Male,0
596,Female,0
597,Male,0
598,Male,0
599,Male,0
600,Male,0
601,Male,0
602,Male,0
603,Female,0
604,Male,0
605,Female,0
606,Male,0
607,Male,0
608,Male,0
609,Male,0
610,Female,1
611,Male,0
612,Female,0
613,Male,0
614,Female,1
615,Male,0
616,Female,0
617,Male,0
618,Female,1
619,Female,0
620,Female,0
621,Male,1
622,Female,0
623,Male,0
624,Female,0
625,Female,0
626,Female,0
627,Male,0
628,Female,1
629,Female,1
630,Male,1
631,Male,1
632,Female,0
633,Male,0
634,Male,0
635,Female,0
636,Female,0
637,Male,0
638,Female,0
639,Male,1
640,Male,0
641,Male,0
642,Female,0
643,Male,0
644,Female,1
645,Female,0
646,Male,1
647,Male,0
648,Male,0
649,Female,1
650,Male,1
651,Female,0
652,Female,0
653,Male,0
654,Female,0
655,Female,1
656,Male,0
657,Male,0
658,Male,0
659,Male,0
660,Male,0
661,Female,0
662,Female,0
663,Male,0
664,Male,0
665,Female,0
666,Female,0
667,Female,0
668,Male,0
669,Female,0
670,Female,0
671,Female,0
672,Male,0
673,Female,0
674,Male,0
675,Male,1
676,Male,1
677,Female,0
678,Female,0
679,Male,0
680,Male,0
681,Male,0
682,Female,0
683,Male,0
684,Female,1
685,Female,0
686,Female,0
687,Male,0
688,Male,1
689,Male,0
690,Male,0
691,Male,0
692,Male,0
693,Male,0
694,Female,0
695,Female,1
696,Female,0
697,Male,0
698,Male,0
699,Male,1
700,Male,0
701,Male,0
702,Male,0
703,Male,0
704,Female,0
705,Male,0
706,Female,0
707,Female,0
708,Male,1
709,Male,0
710,Male,0
711,Male,0
712,Female,0
713,Female,0
714,Female,0
715,Male,0
716,Male,0
717,Female,0
718,Male,0
719,Female,0
720,Male,1
721,Male,0
722,Male,0
723,Female,0
724,Male,0
725,Male,1
726,Male,1
727,Female,0
728,Female,0
729,Female,1
730,Male,0
731,Female,0
732,Male,0
733,Male,0
734,Female,0
735,Female,0
736,Male,0
737,Female,0
738,Male,0
739,Male,1
740,Female,1
741,Female,0
742,Female,0
743,Male,0
744,Female,0
745,Female,0
746,Female,1
747,Male,1
748,Female,1
749,Male,0
750,Female,0
751,Female,0
752,Male,0
753,Male,0
754,Male,0
755,Female,0
756,Male,1
757,Male,0
758,Female,0
759,Female,0
760,Female,0
761,Male,0
762,Female,0
763,Male,0
764,Female,0
765,Male,0
766,Female,0
767,Male,0
768,Male,0
769,Male,0
770,Male,0
771,Male,0
772,Male,0
773,Female,0
774,Female,0
775,Male,0
776,Female,0
777,Female,0
778,Male,0
779,Female,0
780,Male,0
781,Male,0
782,Female,0
783,Male,0
784,Female,0
785,Male,0
786,Female,1
787,Male,0
788,Female,0
789,Female,0
790,Male,0
791,Female,0
792,Male,0
793,Female,0
794,Female,0
795,Female,0
796,Male,0
797,Male,0
798,Female,0
799,Female,0
800,Male,0
801,Female,1
802,Female,0
803,Male,0
804,Female,0
805,Male,0
806,Female,0
807,Male,0
808,Male,0
809,Male,0
810,Male,0
811,Male,0
812,Male,0
813,Female,0
814,Male,0
815,Male,1
816,Female,0
817,Female,0
818,Female,0
819,Male,0
820,Male,0
821,Female,0
822,Male,0
823,Male,0
824,Male,0
825,Female,0
826,Female,0
827,Male,1
828,Female,0
829,Male,0
830,Male,0
831,Female,0
832,Male,0
833,Female,0
834,Female,0
835,Female,1
836,Male,1
837,Male,0
838,Male,0
839,Male,0
840,Male,0
841,Female,1
842,Female,0
843,Female,0
844,Female,0
845,Male,0
846,Female,0
847,Female,0
848,Female,0
849,Male,0
850,Female,0
851,Female,0
852,Male,0
853,Male,0
854,Female,0
855,Female,0
856,Female,0
857,Male,0
858,Male,0
859,Female,0
860,Male,0
861,Male,0
862,Male,0
863,Male,1
864,Female,0
865,Male,0
866,Male,0
867,Male,0
868,Female,0
869,Male,0
870,Male,0
871,Female,0
872,Male,0
873,Male,0
874,Female,0
875,Male,0
876,Female,0
877,Female,0
878,Female,0
879,Female,0
880,Male,0
881,Male,0
882,Male,1
883,Female,0
884,Female,0
885,Female,0
886,Male,0
887,Female,1
888,Female,1
889,Male,0
890,Female,0
891,Male,0
892,Male,0
893,Male,1
894,Female,0
895,Female,0
896,Male,0
897,Male,0
898,Female,0
899,Female,0
900,Male,0
901,Female,0
902,Female,0
903,Male,0
904,Female,0
905,Male,0
906,Male,1
907,Male,0
908,Male,0
909,Female,0
910,Female,0
911,Male,1
912,Female,1
913,Male,0
914,Male,0
915,Male,0
916,Male,1
917,Female,1
918,Male,0
919,Female,0
920,Female,0
921,Male,0
922,Male,0
923,Male,0
924,Female,0
925,Female,1
926,Female,0
927,Female,1
928,Female,0
929,Female,0
930,Female,0
931,Female,0
932,Male,0
933,Male,0
934,Female,1
935,Female,0
936,Female,1
937,Female,0
938,Female,0
939,Female,0
940,Female,0
941,Female,0
942,Female,0
943,Male,0
944,Female,0
945,Female,0
946,Female,0
947,Male,0
948,Female,1
949,Male,1
950,Male,0
951,Male,1
952,Female,0
953,Male,0
954,Female,0
955,Male,0
956,Male,0
957,Female,0
958,Male,0
959,Male,0
960,Female,0
961,Male,1
962,Male,0
963,Male,1
964,Female,1
965,Male,0
966,Male,1
967,Male,0
968,Male,0
969,Female,0
970,Female,0
971,Female,0
972,Male,0
973,Male,0
974,Male,1
975,Female,0
976,Male,0
977,Male,0
978,Female,0
979,Male,1
980,Female,0
981,Female,0
982,Male,0
983,Female,0
984,Male,0
985,Female,0
986,Female,1
987,Female,0
988,Male,0
989,Male,0
990,Male,0
991,Female,0
992,Female,0
993,Female,0
994,Female,0
995,Male,0
996,Female,0
997,Female,0
998,Female,1
999,Male,0
1000,Male,0
1001,Female,0
1002,Male,1
1003,Male,0
1004,Female,0
1005,Male,0
1006,Female,1
1007,Female,0
1008,Female,0
1009,Male,0
1010,Male,1
1011,Male,0
1012,Female,0
1013,Male,0
1014,Female,0
1015,Male,0
1016,Male,0
1017,Male,0
1018,Female,0
1019,Male,0
1020,Female,0
1021,Female,0
1022,Male,0
1023,Female,1
1024,Female,1
1025,Male,0
1026,Female,1
1027,Male,1
1028,Female,0
1029,Male,0
1030,Female,1
1031,Female,0
1032,Male,0
1033,Female,1
1034,Female,0
1035,Female,0
1036,Male,0
1037,Male,0
1038,Female,0
1039,Male,0
1040,Male,0
1041,Male,1
1042,Female,0
1043,Female,0
1044,Male,0
1045,Female,0
1046,Female,0
1047,Female,0
1048,Male,0
1049,Male,0
1050,Female,0
1051,Male,1
1052,Female,0
1053,Female,0
1054,Female,0
1055,Male,0
1056,Female,0
1057,Female,0
1058,Female,0
1059,Male,0
1060,Male,0
1061,Male,0
1062,Female,1
1063,Female,0
1064,Male,0
1065,Female,0
1066,Female,0
1067,Male,0
1068,Male,0
1069,Male,0
1070,Male,1
1071,Female,0
1072,Female,0
1073,Male,0
1074,Male,0
1075,Male,0
1076,Female,0
1077,Female,0
1078,Female,0
1079,Female,1
1080,Female,0
1081,Male,0
1082,Male,1
1083,Male,0
1084,Male,0
1085,Female,0
1086,Female,1
1087,Female,1
1088,Male,0
1089,Male,1
1090,Female,0
1091,Female,0
1092,Male,0
1093,Male,0
1094,Female,0
1095,Male,0
1096,Male,0
1097,Female,0
1098,Male,0
1099,Male,0
1100,Male,0
1101,Male,0
1102,Female,0
1103,Male,0
1104,Male,0
1105,Male,0
1106,Female,0
1107,Female,0
1108,Female,0
1109,Female,0
1110,Male,0
1111,Male,0
1112,Female,0
1113,Female,1
1114,Female,0
1115,Male,0
1116,Male,0
1117,Female,0
1118,Male,0
1119,Female,0
1120,Male,0
1121,Male,0
1122,Female,0
1123,Female,0
1124,Male,0
1125,Male,0
1126,Male,1
1127,Male,0
1128,Female,0
1129,Male,0
1130,Male,1
1131,Male,0
1132,Female,0
1133,Female,1
1134,Male,0
1135,Female,0
1136,Female,1
1137,Female,0
1138,Male,0
1139,Male,0
1140,Male,1
1141,Female,0
1142,Male,0
1143,Male,1
1144,Male,0
1145,Male,0
1146,Female,0
1147,Male,0
1148,Female,0
1149,Female,0
1150,Male,0
1151,Female,0
1152,Female,0
1153,Male,0
1154,Female,0
1155,Female,0
1156,Male,0
1157,Female,0
1158,Female,1
1159,Female,0
1160,Female,1
1161,Female,1
1162,Male,0
1163,Female,0
1164,Female,0
1165,Female,1
1166,Male,0
1167,Female,0
1168,Male,0
1169,Male,0
1170,Male,1
1171,Male,0
1172,Male,0
1173,Female,1
1174,Male,0
1175,Female,0
1176,Female,0
1177,Female,0
1178,Female,0
1179,Male,0
1180,Male,1
1181,Male,0
1182,Male,1
1183,Male,0
1184,Female,0
1185,Male,0
1186,Female,0
1187,Female,0
1188,Female,1
1189,Female,0
1190,Male,0
1191,Male,0
1192,Male,0
1193,Male,0
1194,Female,0
1195,Female,0
1196,Female,1
1197,Male,0
1198,Male,0
1199,Female,0
1200,Female,0
1201,Male,0
1202,Female,0
1203,Male,0
1204,Female,0
1205,Male,0
1206,Male,0
1207,Female,0
1208,Female,0
1209,Female,0
1210,Male,0
1211,Male,0
1212,Female,0
1213,Male,0
1214,Female,0
1215,Male,0
1216,Female,0
1217,Male,0
1218,Male,0
1219,Male,0
1220,Female,0
1221,Male,0
1222,Male,0
1223,Male,0
1224,Female,0
1225,Male,0
1226,Female,0
1227,Female,0
1228,Male,0
1229,Female,0
1230,Male,0
1231,Male,0
1232,Male,0
1233,Male,0
1234,Female,0
1235,Male,0
1236,Male,1
1237,Male,0
1238,Male,0
1239,Female,1
1240,Female,0
1241,Male,0
1242,Male,0
1243,Female,0
1244,Male,0
1245,Female,0
1246,Male,1
1247,Female,0
1248,Female,0
1249,Female,0
1250,Male,0
1251,Female,0
1252,Female,0
1253,Male,0
1254,Female,0
1255,Female,1
1256,Female,0
1257,Female,0
1258,Female,1
1259,Female,0
1260,Female,1
1261,Male,0
1262,Female,0
1263,Female,0
1264,Female,1
1265,Male,0
1266,Male,1
1267,Female,1
1268,Male,0
1269,Male,0
1270,Male,0
1271,Male,0
1272,Female,0
1273,Male,0
1274,Male,1
1275,Female,0
1276,Female,0
1277,Female,1
1278,Female,0
1279,Male,0
1280,Male,0
1281,Female,1
1282,Female,0
1283,Male,0
1284,Female,0
1285,Male,0
1286,Male,1
1287,Female,0
1288,Female,0
1289,Male,0
1290,Male,0
1291,Male,1
1292,Male,0
1293,Female,0
1294,Male,0
1295,Male,0
1296,Female,0
1297,Female,1
1298,Female,0
1299,Female,0
1300,Female,0
1301,Male,0
1302,Female,0
1303,Female,0
1304,Female,0
1305,Male,1
1306,Female,0
1307,Female,0
1308,Female,0
1309,Male,1
1310,Female,0
1311,Female,0
1312,Male,0
1313,Male,0
1314,Male,0
1315,Female,0
1316,Female,0
1317,Male,0
1318,Female,0
1319,Male,0
1320,Male,0
1321,Male,0
1322,Male,0
1323,Female,0
1324,Female,0
1325,Female,0
1326,Female,1
1327,Female,0
1328,Male,0
1329,Female,0
1330,Female,0
1331,Male,0
1332,Female,0
1333,Male,0
1334,Male,0
1335,Female,1
1336,Male,0
1337,Female,0
1338,Male,0
1339,Male,0
1340,Male,0
1341,Female,0
1342,Male,0
1343,Female,0
1344,Male,0
1345,Female,0
1346,Female,0
1347,Female,0
1348,Male,0
1349,Male,0
1350,Female,0
1351,Female,0
1352,Male,0
1353,Male,0
1354,Male,0
1355,Female,0
1356,Female,0
1357,Female,0
1358,Male,0
1359,Male,0
1360,Female,0
1361,Female,1
1362,Male,0
1363,Male,0
1364,Female,0
1365,Female,0
1366,Male,0
1367,Male,0
1368,Male,1
1369,Male,0
1370,Female,0
1371,Female,0
1372,Female,1
1373,Male,0
1374,Male,0
1375,Male,0
1376,Female,0
1377,Male,0
1378,Male,0
1379,Female,0
1380,Female,0
1381,Male,0
1382,Male,0
1383,Female,0
1384,Female,0
1385,Female,0
1386,Female,0
1387,Male,0
1388,Male,0
1389,Female,0
1390,Female,1
1391,Female,0
1392,Male,0
1393,Male,0
1394,Female,0
1395,Female,0
1396,Male,0
1397,Female,0
1398,Female,0
1399,Female,0
1400,Female,0
1401,Male,0
1402,Female,1
1403,Female,0
1404,Male,0
1405,Female,0
1406,Female,0
1407,Male,0
1408,Male,0
1409,Female,0
1410,Female,0
1411,Female,1
1412,Male,1
1413,Female,0
1414,Male,0
1415,Male,0
1416,Male,0
1417,Female,0
1418,Female,1
1419,Male,0
1420,Male,0
1421,Female,0
1422,Male,1
1423,Female,0
1424,Male,0
1425,Female,0
1426,Male,0
1427,Male,1
1428,Male,1
1429,Male,0
1430,Male,0
1431,Female,0
1432,Female,0
1433,Male,0
1434,Male,0
1435,Male,0
1436,Female,1
1437,Female,0
1438,Male,0
1439,Female,0
1440,Female,1
1441,Male,0
1442,Female,1
1443,Female,0
1444,Male,0
1445,Male,0
1446,Male,0
1447,Male,0
1448,Male,0
1449,Male,0
1450,Female,1
1451,Male,0
1452,Male,0
1453,Male,1
1454,Male,0
1455,Male,0
1456,Female,0
1457,Female,0
1458,Male,0
1459,Male,0
1460,Female,0
1461,Male,0
1462,Male,0
1463,Male,0
1464,Female,0
1465,Male,0
1466,Male,0
1467,Male,0
1468,Female,0
1469,Male,0
1470,Male,0
1471,Female,0
1472,Male,0
1473,Male,0
1474,Female,0
1475,Male,0
1476,Female,1
1477,Male,0
1478,Male,0
1479,Male,0
1480,Female,0
1481,Male,0
1482,Male,0
1483,Female,1
1484,Female,0
1485,Female,1
1486,Male,1
1487,Female,0
1488,Female,0
1489,Male,0
1490,Female,0
1491,Female,1
1492,Female,0
1493,Male,1
1494,Male,0
1495,Female,0
1496,Female,0
1497,Male,0
1498,Female,0
1499,Male,1
1500,Male,1
1501,Female,0
1502,Male,0
1503,Male,0
1504,Female,1
1505,Female,0
1506,Male,1
1507,Male,0
1508,Male,0
1509,Female,1
1510,Male,0
1511,Male,0
1512,Female,0
1513,Female,0
1514,Female,1
1515,Female,0
1516,Female,0
1517,Female,0
1518,Male,0
1519,Female,0
1520,Female,0
1521,Female,0
1522,Male,0
1523,Female,0
1524,Male,0
1525,Female,0
1526,Female,0
1527,Female,0
1528,Male,0
1529,Female,0
1530,Female,0
1531,Male,0
1532,Female,0
1533,Male,0
1534,Female,0
1535,Female,0
1536,Male,1
1537,Male,0
1538,Female,0
1539,Male,0
1540,Female,0
1541,Male,0
1542,Male,0
1543,Female,0
1544,Female,0
1545,Male,0
1546,Male,0
1547,Female,0
1548,Female,0
1549,Male,0
1550,Male,0
1551,Male,1
1552,Male,0
1553,Female,0
1554,Female,0
1555,Male,0
1556,Female,0
1557,Female,0
1558,Male,0
1559,Female,0
1560,Female,0
1561,Male,0
1562,Male,0
1563,Female,0
1564,Male,1
1565,Male,1
1566,Female,0
1567,Male,0
1568,Female,0
1569,Male,1
1570,Female,0
1571,Female,0
1572,Male,0
1573,Female,1
1574,Male,0
1575,Female,0
1576,Male,0
1577,Female,1
1578,Female,0
1579,Female,0
1580,Male,1
1581,Female,1
1582,Male,0
1583,Female,0
1584,Female,0
1585,Female,1
1586,Male,0
1587,Female,0
1588,Male,0
1589,Female,1
1590,Female,1
1591,Female,0
1592,Male,0
1593,Female,0
1594,Male,0
1595,Female,0
1596,Male,1
1597,Female,0
1598,Male,0
1599,Male,0
1600,Female,0
1601,Male,1
1602,Male,0
1603,Male,0
1604,Female,0
1605,Male,0
1606,Male,0
1607,Male,1
1608,Male,1
1609,Male,0
1610,Male,0
1611,Male,0
1612,Female,0
1613,Male,0
1614,Male,0
1615,Male,0
1616,Female,0
1617,Male,0
1618,Male,0
1619,Female,1
1620,Male,0
1621,Female,0
1622,Female,0
1623,Female,0
1624,Female,0
1625,Female,0
1626,Female,0
1627,Male,0
1628,Male,0
1629,Female,1
1630,Male,0
1631,Male,1
1632,Female,1
1633,Male,0
1634,Female,0
1635,Male,0
1636,Female,0
1637,Female,0
1638,Male,0
1639,Female,0
1640,Male,1
1641,Female,0
1642,Male,0
1643,Female,0
1644,Male,0
1645,Female,0
1646,Female,1
1647,Female,0
1648,Male,0
1649,Male,1
1650,Female,0
1651,Female,0
1652,Male,1
1653,Male,0
1654,Male,0
1655,Male,0
1656,Female,0
1657,Female,0
1658,Male,0
1659,Male,0
1660,Male,0
1661,Male,0
1662,Female,1
1663,Male,0
1664,Male,0
1665,Female,0
1666,Female,0
1667,Female,0
1668,Male,0
1669,Female,0
1670,Female,0
1671,Male,1
1672,Male,0
1673,Male,0
1674,Female,0
1675,Female,0
1676,Female,0
1677,Female,0
1678,Male,0
1679,Female,1
1680,Male,1
1681,Male,0
1682,Female,0
1683,Male,0
1684,Male,0
1685,Female,0
1686,Male,1
1687,Female,0
1688,Male,0
1689,Female,0
1690,Male,0
1691,Male,0
1692,Male,0
1693,Male,0
1694,Male,0
1695,Female,0
1696,Male,0
1697,Male,0
1698,Female,0
1699,Male,0
1700,Female,0
1701,Male,0
1702,Female,0
1703,Female,0
1704,Male,0
1705,Male,0
1706,Female,1
1707,Male,0
1708,Female,1
1709,Male,0
1710,Male,1
1711,Female,0
1712,Female,0
1713,Female,0
1714,Male,0
1715,Male,0
1716,Female,0
1717,Male,0
1718,Male,0
1719,Female,0
1720,Male,0
1721,Female,1
1722,Female,0
1723,Female,0
1724,Female,0
1725,Female,0
1726,Female,1
1727,Male,0
1728,Male,0
1729,Female,0
1730,Male,0
1731,Male,0
1732,Female,1
1733,Male,1
1734,Male,0
1735,Male,0
1736,Male,0
1737,Female,0
1738,Female,0
1739,Female,0
1740,Male,0
1741,Male,0
1742,Male,0
1743,Female,0
1744,Male,0
1745,Female,0
1746,Female,0
1747,Female,0
1748,Female,0
1749,Female,0
1750,Male,1
1751,Female,0
1752,Male,0
1753,Male,0
1754,Female,1
1755,Male,0
1756,Female,0
1757,Female,1
1758,Male,0
1759,Female,0
1760,Male,0
1761,Male,0
1762,Male,0
1763,Male,0
1764,Female,0
1765,Male,0
1766,Female,0
1767,Female,0
1768,Female,0
1769,Female,0
1770,Male,0
1771,Female,1
1772,Male,1
1773,Male,0
1774,Female,0
1775,Male,0
1776,Male,1
1777,Male,1
1778,Female,0
1779,Male,0
1780,Female,0
1781,Female,0
1782,Male,1
1783,Female,1
1784,Male,0
1785,Female,0
1786,Male,0
1787,Female,0
1788,Female,1
1789,Female,0
1790,Male,0
1791,Female,0
1792,Female,0
1793,Male,0
1794,Male,0
1795,Female,0
1796,Female,0
1797,Female,0
1798,Female,0
1799,Male,0
1800,Female,0
1801,Male,0
1802,Male,0
1803,Male,0
1804,Female,0
1805,Female,0
1806,Male,0
1807,Male,0
1808,Female,0
1809,Female,0
1810,Male,1
1811,Female,0
1812,Female,1
1813,Male,0
1814,Male,0
1815,Male,0
1816,Female,0
1817,Male,0
1818,Male,1
1819,Male,0
1820,Female,0
1821,Female,0
1822,Male,1
1823,Female,0
1824,Male,0
1825,Male,0
1826,Female,0
1827,Male,0
1828,Female,0
1829,Male,0
1830,Male,0
1831,Male,0
1832,Female,1
1833,Male,1
1834,Male,0
1835,Male,1
1836,Female,0
1837,Male,0
1838,Male,0
1839,Male,1
1840,Female,0
1841,Male,0
1842,Female,0
1843,Male,0
1844,Female,0
1845,Male,0
1846,Male,0
1847,Male,0
1848,Female,0
1849,Female,0
1850,Male,0
1851,Female,1
1852,Female,0
1853,Male,0
1854,Female,0
1855,Male,1
1856,Male,0
1857,Female,1
1858,Female,0
1859,Female,0
1860,Male,0
1861,Male,0
1862,Female,0
1863,Female,1
1864,Male,0
1865,Female,1
1866,Male,1
1867,Female,0
1868,Female,0
1869,Male,0
1870,Male,0
1871,Male,0
1872,Female,0
1873,Female,0
1874,Female,0
1875,Female,0
1876,Male,0
1877,Male,0
1878,Male,0
1879,Male,0
1880,Male,0
1881,Male,0
1882,Male,0
1883,Male,0
1884,Female,1
1885,Male,0
1886,Male,0
1887,Male,0
1888,Female,0
1889,Female,0
1890,Male,0
1891,Female,0
1892,Female,1
1893,Male,1
1894,Male,0
1895,Female,0
1896,Male,0
1897,Male,0
1898,Male,1
1899,Female,1
1900,Male,0
1901,Male,0
1902,Female,0
1903,Male,0
1904,Male,0
1905,Male,0
1906,Female,0
1907,Male,0
1908,Female,0
1909,Male,0
1910,Male,0
1911,Female,0
1912,Female,0
1913,Male,0
1914,Female,0
1915,Female,0
1916,Male,0
1917,Female,0
1918,Female,1
1919,Male,0
1920,Male,0
1921,Male,0
1922,Male,0
1923,Male,0
1924,Male,0
1925,Female,1
1926,Female,0
1927,Male,0
1928,Male,0
1929,Female,0
1930,Male,0
1931,Male,0
1932,Female,0
1933,Male,0
1934,Male,0
1935,Female,0
1936,Female,0
1937,Female,0
1938,Female,0
1939,Female,0
1940,Male,0
1941,Male,0
1942,Male,0
1943,Male,0
1944,Male,0
1945,Male,0
1946,Female,0
1947,Male,0
1948,Female,0
1949,Female,0
1950,Male,0
1951,Male,0
1952,Male,0
1953,Female,0
1954,Male,0
1955,Male,0
1956,Female,0
1957,Female,0
1958,Female,0
1959,Male,0
1960,Female,0
1961,Female,0
1962,Female,0
1963,Male,0
1964,Male,0
1965,Male,0
1966,Male,0
1967,Male,1
1968,Male,0
1969,Female,0
1970,Female,0
1971,Female,0
1972,Female,0
1973,Female,0
1974,Male,0
1975,Male,0
1976,Male,0
1977,Male,1
1978,Male,1
1979,Female,0
1980,Female,0
1981,Male,0
1982,Female,0
1983,Male,0
1984,Male,0
1985,Female,0
1986,Female,0
1987,Female,0
1988,Female,0
1989,Male,1
1990,Female,0
1991,Female,1
1992,Male,0
1993,Female,0
1994,Female,0
1995,Male,0
1996,Female,1
1997,Male,0
1998,Female,0
1999,Female,0
2000,Male,0
2001,Female,1
2002,Female,0
2003,Male,0
2004,Female,0
2005,Male,0
2006,Female,0
2007,Male,0
2008,Male,0
2009,Female,0
2010,Male,0
2011,Male,0
2012,Male,0
2013,Female,0
2014,Female,0
2015,Male,0
2016,Female,0
2017,Female,0
2018,Male,0
2019,Female,0
2020,Male,0
2021,Male,0
2022,Male,0
2023,Female,0
2024,Female,1
2025,Male,0
2026,Female,0
2027,Male,1
2028,Female,0
2029,Female,0
2030,Male,0
2031,Male,0
2032,Female,0
2033,Female,0
2034,Male,0
2035,Male,0
2036,Female,0
2037,Male,1
2038,Female,1
2039,Female,0
2040,Male,0
2041,Male,0
2042,Male,0
2043,Female,1
2044,Male,1
2045,Male,0
2046,Female,0
2047,Female,0
2048,Male,0
2049,Male,1
2050,Female,0
2051,Female,0
2052,Female,0
2053,Female,0
2054,Male,0
2055,Female,0
2056,Male,0
2057,Male,0
2058,Female,0
2059,Male,0
2060,Male,0
2061,Male,0
2062,Male,0
2063,Female,0
2064,Male,0
2065,Female,0
2066,Female,0
2067,Male,0
2068,Male,1
2069,Male,0
2070,Female,0
2071,Female,0
2072,Female,0
2073,Male,0
2074,Male,0
2075,Female,1
2076,Male,1
2077,Female,0
2078,Female,0
2079,Male,0
2080,Male,0
2081,Male,1
2082,Female,0
2083,Male,0
2084,Female,0
2085,Male,0
2086,Female,1
2087,Male,0
2088,Female,0
2089,Female,0
2090,Female,0
2091,Female,0
2092,Female,0
2093,Male,0
2094,Male,0
2095,Female,0
2096,Male,0
2097,Female,0
2098,Male,0
2099,Male,0
2100,Female,0
2101,Male,0
2102,Female,0
2103,Male,0
2104,Male,1
2105,Female,0
2106,Female,0
2107,Male,0
2108,Male,0
2109,Female,0
2110,Male,0
2111,Female,0
2112,Male,0
2113,Female,0
2114,Male,0
2115,Male,0
2116,Female,0
2117,Male,0
2118,Female,0
2119,Female,0
2120,Male,0
2121,Female,0
2122,Male,0
2123,Female,0
2124,Male,0
2125,Male,0
2126,Female,0
2127,Male,0
2128,Male,0
2129,Male,0
2130,Male,0
2131,Male,0
2132,Male,0
2133,Male,0
2134,Female,1
2135,Female,0
2136,Female,0
2137,Male,0
2138,Male,0
2139,Female,0
2140,Female,0
2141,Female,0
2142,Male,0
2143,Female,0
2144,Male,1
2145,Male,0
2146,Male,0
2147,Female,0
2148,Male,0
2149,Male,0
2150,Female,0
2151,Male,0
2152,Male,0
2153,Female,0
2154,Female,0
2155,Female,0
2156,Female,0
2157,Female,0
2158,Male,0
2159,Female,0
2160,Female,0
2161,Female,0
2162,Female,0
2163,Male,0
2164,Male,1
2165,Male,0
2166,Female,0
2167,Female,1
2168,Male,1
2169,Male,1
2170,Female,0
2171,Female,0
2172,Female,0
2173,Female,0
2174,Male,0
2175,Female,0
2176,Female,0
2177,Male,0
2178,Male,1
2179,Male,0
2180,Female,0
2181,Male,1
2182,Female,0
2183,Male,0
2184,Male,0
2185,Female,1
2186,Male,0
2187,Male,0
2188,Male,0
2189,Female,0
2190,Male,0
2191,Male,0
2192,Female,1
2193,Male,1
2194,Male,0
2195,Male,0
2196,Female,0
2197,Female,0
2198,Male,0
2199,Female,0
2200,Male,0
2201,Female,0
2202,Female,0
2203,Male,1
2204,Male,0
2205,Male,0
2206,Male,1
2207,Male,1
2208,Female,0
2209,Female,1
2210,Male,0
2211,Female,0
2212,Female,0
2213,Male,0
2214,Female,0
2215,Female,0
2216,Female,0
2217,Female,1
2218,Female,0
2219,Female,0
2220,Male,1
2221,Male,0
2222,Female,0
2223,Male,0
2224,Female,0
2225,Male,1
2226,Male,0
2227,Female,0
2228,Male,0
2229,Female,1
2230,Male,0
2231,Male,0
2232,Male,0
2233,Male,0
2234,Male,0
2235,Male,0
2236,Female,0
2237,Male,1
2238,Male,0
2239,Female,0
2240,Female,0
2241,Female,1
2242,Female,0
2243,Male,0
2244,Female,1
2245,Female,0
2246,Female,0
2247,Female,0
2248,Female,0
2249,Male,0
2250,Female,0
2251,Female,0
2252,Male,0
2253,Female,0
2254,Male,1
2255,Male,1
2256,Female,0
2257,Female,0
2258,Female,0
2259,Male,0
2260,Female,0
2261,Female,0
2262,Female,0
2263,Female,0
2264,Female,0
2265,Male,0
2266,Male,0
2267,Male,1
2268,Female,0
2269,Female,0
2270,Female,0
2271,Female,1
2272,Female,1
2273,Male,0
2274,Male,0
2275,Male,0
2276,Male,0
2277,Female,1
2278,Male,0
2279,Female,1
2280,Male,1
2281,Female,1
2282,Female,0
2283,Male,1
2284,Male,0
2285,Male,0
2286,Male,0
2287,Male,1
2288,Male,1
2289,Female,0
2290,Female,0
2291,Female,0
2292,Female,0
2293,Female,0
2294,Male,0
2295,Male,0
2296,Male,0
2297,Male,1
2298,Female,0
2299,Male,0
2300,Female,0
2301,Female,0
2302,Female,0
2303,Male,0
2304,Male,0
2305,Male,0
2306,Male,0
2307,Female,0
2308,Female,0
2309,Male,0
2310,Male,0
2311,Male,0
2312,Female,1
2313,Male,0
2314,Male,0
2315,Female,0
2316,Male,0
2317,Male,0
2318,Female,0
2319,Female,0
2320,Male,0
2321,Male,0
2322,Female,1
2323,Female,0
2324,Female,0
2325,Female,1
2326,Female,0
2327,Female,0
2328,Female,1
2329,Female,1
2330,Female,0
2331,Male,0
2332,Female,0
2333,Female,0
2334,Female,0
2335,Male,1
2336,Male,0
2337,Male,0
2338,Female,1
2339,Male,0
2340,Female,1
2341,Female,0
2342,Female,0
2343,Female,0
2344,Female,0
2345,Female,1
2346,Female,0
2347,Female,0
2348,Male,0
2349,Male,0
2350,Male,0
2351,Female,0
2352,Female,0
2353,Male,0
2354,Male,0
2355,Male,0
2356,Male,0
2357,Male,0
2358,Female,0
2359,Female,0
2360,Male,0
2361,Male,0
2362,Female,0
2363,Male,0
2364,Male,0
2365,Male,0
2366,Male,1
2367,Female,1
2368,Female,0
2369,Female,0
2370,Male,0
2371,Male,0
2372,Female,0
2373,Male,0
2374,Female,0
2375,Male,0
2376,Female,1
2377,Male,0
2378,Male,0
2379,Female,0
2380,Male,1
2381,Male,0
2382,Male,0
2383,Female,0
2384,Male,0
2385,Male,1
2386,Female,0
2387,Female,0
2388,Male,0
2389,Female,0
2390,Male,0
2391,Female,0
2392,Male,0
2393,Male,0
2394,Female,0
2395,Male,0
2396,Female,1
2397,Female,1
2398,Male,0
2399,Female,0
2400,Female,0
2401,Female,0
2402,Male,1
2403,Male,0
2404,Female,0
2405,Female,0
2406,Female,0
2407,Female,0
2408,Female,0
2409,Female,0
2410,Male,0
2411,Female,0
2412,Male,0
2413,Female,0
2414,Male,0
2415,Female,0
2416,Female,1
2417,Male,0
2418,Male,0
2419,Female,1
2420,Female,0
2421,Male,0
2422,Male,0
2423,Male,1
2424,Female,0
2425,Female,0
2426,Male,0
2427,Female,0
2428,Male,0
2429,Male,0
2430,Male,1
2431,Male,0
2432,Male,1
2433,Female,1
2434,Male,0
2435,Female,0
2436,Female,0
2437,Female,1
2438,Female,0
2439,Female,0
2440,Male,0
2441,Male,0
2442,Female,1
2443,Male,1
2444,Female,0
2445,Female,1
2446,Female,0
2447,Female,0
2448,Male,0
2449,Female,1
2450,Male,0
2451,Female,0
2452,Male,0
2453,Male,1
2454,Female,1
2455,Female,0
2456,Female,0
2457,Male,0
2458,Male,1
2459,Male,1
2460,Male,0
2461,Female,0
2462,Female,0
2463,Male,0
2464,Male,0
2465,Female,0
2466,Male,0
2467,Male,0
2468,Male,0
2469,Male,0
2470,Female,0
2471,Female,0
2472,Female,0
2473,Male,0
2474,Female,0
2475,Female,0
2476,Female,0
2477,Male,0
2478,Male,0
2479,Male,0
2480,Male,0
2481,Male,1
2482,Male,1
2483,Female,0
2484,Male,1
2485,Male,0
2486,Female,0
2487,Female,0
2488,Male,0
2489,Male,0
2490,Female,0
2491,Male,0
2492,Female,0
2493,Male,0
2494,Female,0
2495,Male,0
2496,Female,0
2497,Male,0
2498,Female,0
2499,Male,0
2500,Male,0
2501,Male,0
2502,Male,0
2503,Female,0
2504,Male,0
2505,Male,0
2506,Female,0
2507,Female,1
2508,Male,0
2509,Female,0
2510,Female,0
2511,Male,0
2512,Male,1
2513,Female,0
2514,Male,0
2515,Female,1
2516,Female,0
2517,Female,1
2518,Male,1
2519,Male,0
2520,Male,0
2521,Female,0
2522,Male,1
2523,Male,0
2524,Female,0
2525,Male,0
2526,Male,0
2527,Male,0
2528,Female,0
2529,Female,0
2530,Male,1
2531,Female,0
2532,Female,0
2533,Female,1
2534,Male,0
2535,Male,0
2536,Female,1
2537,Male,0
2538,Male,0
2539,Male,0
2540,Female,0
2541,Female,0
2542,Female,0
2543,Male,0
2544,Male,0
2545,Female,0
2546,Female,0
2547,Female,0
2548,Female,0
2549,Male,1
2550,Male,0
2551,Female,0
2552,Female,0
2553,Female,0
2554,Male,1
2555,Female,0
2556,Female,0
2557,Male,0
2558,Male,0
2559,Female,0
2560,Male,0
2561,Male,0
2562,Female,0
2563,Male,0
2564,Male,1
2565,Male,0
2566,Female,0
2567,Female,0
2568,Male,0
2569,Male,0
2570,Female,0
2571,Male,0
2572,Female,0
2573,Female,0
2574,Female,0
2575,Male,1
2576,Female,0
2577,Female,0
2578,Female,0
2579,Female,1
2580,Male,0
2581,Female,1
2582,Male,0
2583,Female,0
2584,Female,1
2585,Female,0
2586,Female,0
2587,Female,0
2588,Male,0
2589,Female,0
2590,Male,1
2591,Female,1
2592,Female,0
2593,Female,0
2594,Female,0
2595,Female,0
2596,Female,0
2597,Female,0
2598,Male,0
2599,Female,0
2600,Female,0
2601,Female,0
2602,Female,0
2603,Female,0
2604,Female,0
2605,Female,0
2606,Female,0
2607,Female,0
2608,Male,1
2609,Male,0
2610,Male,0
2611,Female,0
2612,Male,0
2613,Female,0
2614,Female,0
2615,Female,0
2616,Female,0
2617,Male,0
2618,Female,0
2619,Male,0
2620,Female,1
2621,Male,0
2622,Male,0
2623,Male,1
2624,Female,0
2625,Male,0
2626,Male,0
2627,Female,0
2628,Female,0
2629,Female,0
2630,Male,0
2631,Male,0
2632,Male,1
2633,Female,0
2634,Female,0
2635,Male,0
2636,Male,0
2637,Female,1
2638,Female,0
2639,Male,0
2640,Male,0
2641,Male,0
2642,Female,1
2643,Female,0
2644,Female,0
2645,Male,0
2646,Female,0
2647,Male,0
2648,Female,0
2649,Male,0
2650,Female,0
2651,Female,0
2652,Male,0
2653,Male,0
2654,Female,0
2655,Male,0
2656,Female,0
2657,Female,0
2658,Female,0
2659,Female,0
2660,Female,0
2661,Male,0
2662,Female,0
2663,Male,0
2664,Female,0
2665,Male,0
2666,Male,1
2667,Male,0
2668,Female,0
2669,Male,0
2670,Female,0
2671,Female,0
2672,Male,0
2673,Male,0
2674,Male,0
2675,Female,1
2676,Male,0
2677,Female,0
2678,Female,0
2679,Male,0
2680,Male,0
2681,Male,0
2682,Male,0
2683,Male,0
2684,Female,0
2685,Male,0
2686,Female,0
2687,Male,1
2688,Male,0
2689,Male,0
2690,Female,1
2691,Male,1
2692,Female,0
2693,Female,0
2694,Male,0
2695,Male,0
2696,Male,0
2697,Female,0
2698,Female,0
2699,Male,0
2700,Female,1
2701,Female,0
2702,Female,0
2703,Male,0
2704,Female,0
2705,Female,0
2706,Female,0
2707,Male,0
2708,Male,0
2709,Female,1
2710,Male,1
2711,Female,0
2712,Female,0
2713,Male,0
2714,Male,0
2715,Female,0
2716,Male,0
2717,Female,0
2718,Female,0
2719,Male,0
2720,Female,1
2721,Male,0
2722,Male,1
2723,Male,0
2724,Male,0
2725,Male,0
2726,Female,0
2727,Male,0
2728,Male,0
2729,Female,0
2730,Female,0
2731,Male,0
2732,Female,0
2733,Female,0
2734,Female,0
2735,Male,0
2736,Male,1
2737,Female,1
2738,Male,0
2739,Female,0
2740,Female,0
2741,Female,0
2742,Male,1
2743,Male,0
2744,Male,0
2745,Female,0
2746,Male,1
2747,Female,0
2748,Male,0
2749,Male,0
2750,Male,0
2751,Male,0
2752,Female,0
2753,Male,0
2754,Female,0
2755,Male,0
2756,Male,0
2757,Female,0
2758,Female,0
2759,Male,0
2760,Male,0
2761,Male,0
2762,Female,1
2763,Male,0
2764,Male,0
2765,Male,0
2766,Male,0
2767,Female,0
2768,Female,0
2769,Female,0
2770,Female,0
2771,Male,0
2772,Female,0
2773,Female,0
2774,Male,0
2775,Male,0
2776,Male,1
2777,Male,1
2778,Male,0
2779,Female,0
2780,Male,0
2781,Female,0
2782,Male,1
2783,Male,0
2784,Female,0
2785,Female,0
2786,Female,0
2787,Male,0
2788,Male,0
2789,Male,0
2790,Female,0
2791,Female,0
2792,Male,0
2793,Female,0
2794,Male,0
2795,Female,0
2796,Female,1
2797,Female,0
2798,Male,0
2799,Male,0
2800,Male,0
2801,Female,0
2802,Female,0
2803,Male,1
2804,Female,0
2805,Male,0
2806,Female,0
2807,Male,0
2808,Male,0
2809,Male,0
2810,Male,1
2811,Female,1
2812,Female,0
2813,Male,0
2814,Male,0
2815,Female,0
2816,Male,0
2817,Female,0
2818,Female,0
2819,Male,0
2820,Female,0
2821,Male,0
2822,Male,1
2823,Female,0
2824,Male,0
2825,Male,0
2826,Male,0
2827,Female,0
2828,Male,0
2829,Male,0
2830,Male,1
2831,Male,0
2832,Female,1
2833,Male,0
2834,Female,0
2835,Male,0
2836,Female,1
2837,Male,0
2838,Female,0
2839,Female,0
2840,Female,0
2841,Female,0
2842,Male,0
2843,Female,0
2844,Female,0
2845,Female,1
2846,Female,0
2847,Female,0
2848,Female,0
2849,Male,0
2850,Female,0
2851,Male,1
2852,Female,0
2853,Male,0
2854,Female,0
2855,Male,0
2856,Male,0
2857,Male,0
2858,Female,0
2859,Female,0
2860,Male,1
2861,Male,1
2862,Female,0
2863,Male,0
2864,Male,0
2865,Male,0
2866,Female,0
2867,Female,0
2868,Female,0
2869,Male,0
2870,Female,0
2871,Male,0
2872,Male,0
2873,Female,0
2874,Male,0
2875,Female,0
2876,Male,0
2877,Male,0
2878,Female,0
2879,Male,0
2880,Male,1
2881,Male,0
2882,Female,0
2883,Female,0
2884,Male,0
2885,Female,1
2886,Male,1
2887,Female,0
2888,Male,0
2889,Female,1
2890,Male,0
2891,Female,1
2892,Female,0
2893,Male,0
2894,Male,0
2895,Female,0
2896,Female,0
2897,Male,0
2898,Male,0
2899,Female,0
2900,Male,0
2901,Female,1
2902,Female,0
2903,Female,1
2904,Male,0
2905,Male,0
2906,Female,0
2907,Female,0
2908,Male,0
2909,Male,0
2910,Female,0
2911,Female,0
2912,Female,0
2913,Male,1
2914,Male,0
2915,Male,0
2916,Female,0
2917,Male,0
2918,Male,0
2919,Male,1
2920,Male,0
2921,Female,0
2922,Male,0
2923,Female,0
2924,Male,0
2925,Male,0
2926,Female,0
2927,Female,0
2928,Male,0
2929,Male,0
2930,Male,0
2931,Male,0
2932,Female,1
2933,Male,1
2934,Male,0
2935,Female,0
2936,Male,0
2937,Male,0
2938,Female,0
2939,Male,0
2940,Male,1
2941,Male,1
2942,Male,0
2943,Male,0
2944,Male,0
2945,Male,0
2946,Male,0
2947,Female,0
2948,Male,0
2949,Male,1
2950,Female,0
2951,Male,0
2952,Male,0
2953,Female,0
2954,Female,0
2955,Female,0
2956,Male,0
2957,Male,0
2958,Female,0
2959,Female,0
2960,Male,0
2961,Male,0
2962,Male,0
2963,Female,0
2964,Female,0
2965,Male,0
2966,Male,0
2967,Female,1
2968,Male,0
2969,Male,0
2970,Female,0
2971,Male,1
2972,Female,0
2973,Male,0
2974,Female,0
2975,Male,0
2976,Male,0
2977,Male,0
2978,Male,0
2979,Male,0
2980,Male,1
2981,Female,0
2982,Male,0
2983,Male,0
2984,Male,0
2985,Female,0
2986,Female,0
2987,Female,0
2988,Female,0
2989,Male,0
2990,Male,0
2991,Male,0
2992,Female,1
2993,Male,0
2994,Male,0
2995,Male,0
2996,Female,0
2997,Female,0
2998,Male,1
2999,Male,0
3000,Male,0
3001,Male,0
3002,Male,0
3003,Male,0
3004,Male,0
3005,Male,0
3006,Female,1
3007,Male,1
3008,Female,1
3009,Female,0
3010,Male,0
3011,Male,1
3012,Female,0
3013,Male,0
3014,Female,0
3015,Male,1
3016,Male,0
3017,Female,0
3018,Female,0
3019,Male,1
3020,Female,0
3021,Male,0
3022,Male,0
3023,Female,0
3024,Male,0
3025,Male,0
3026,Male,0
3027,Female,0
3028,Female,0
3029,Male,0
3030,Male,0
3031,Male,0
3032,Female,1
3033,Male,0
3034,Female,0
3035,Male,0
3036,Female,1
3037,Male,0
3038,Male,0
3039,Female,1
3040,Male,1
3041,Male,0
3042,Male,0
3043,Male,0
3044,Female,1
3045,Female,0
3046,Female,0
3047,Female,0
3048,Female,0
3049,Female,0
3050,Female,0
3051,Female,0
3052,Female,0
3053,Male,0
3054,Male,0
3055,Female,0
3056,Male,0
3057,Male,0
3058,Male,0
3059,Female,0
3060,Female,0
3061,Male,0
3062,Male,1
3063,Male,1
3064,Female,0
3065,Female,0
3066,Male,0
3067,Female,0
3068,Male,0
3069,Male,0
3070,Female,0
3071,Female,0
3072,Male,0
3073,Female,0
3074,Female,0
3075,Female,0
3076,Male,0
3077,Female,0
3078,Male,0
3079,Female,1
3080,Female,0
3081,Male,0
3082,Male,0
3083,Male,0
3084,Male,0
3085,Male,0
3086,Male,0
3087,Male,0
3088,Female,0
3089,Male,0
3090,Female,0
3091,Male,0
3092,Female,0
3093,Female,0
3094,Male,0
3095,Female,0
3096,Male,0
3097,Female,0
3098,Male,0
3099,Male,1
3100,Female,0
3101,Female,0
3102,Female,0
3103,Female,0
3104,Female,1
3105,Male,1
3106,Male,0
3107,Female,0
3108,Female,0
3109,Female,0
3110,Male,0
3111,Female,0
3112,Male,0
3113,Male,0
3114,Male,0
3115,Male,0
3116,Female,0
3117,Female,1
3118,Female,1
3119,Male,0
3120,Female,1
3121,Female,0
3122,Female,1
3123,Male,1
3124,Male,0
3125,Male,0
3126,Male,0
3127,Female,0
3128,Female,0
3129,Male,0
3130,Male,0
3131,Male,0
3132,Female,1
3133,Male,0
3134,Male,0
3135,Female,0
3136,Female,1
3137,Female,0
3138,Female,0
3139,Female,0
3140,Male,0
3141,Male,0
3142,Male,1
3143,Male,0
3144,Male,0
3145,Male,0
3146,Female,0
3147,Female,0
3148,Female,0
3149,Female,0
3150,Female,0
3151,Male,0
3152,Male,0
3153,Female,0
3154,Female,0
3155,Female,1
3156,Male,0
3157,Female,0
3158,Male,0
3159,Male,0
3160,Male,1
3161,Female,0
3162,Male,0
3163,Male,0
3164,Male,1
3165,Male,0
3166,Male,0
3167,Male,0
3168,Female,0
3169,Female,0
3170,Male,0
3171,Male,0
3172,Female,0
3173,Male,0
3174,Female,0
3175,Male,0
3176,Male,1
3177,Female,0
3178,Male,0
3179,Male,0
3180,Female,0
3181,Female,0
3182,Female,0
3183,Female,0
3184,Male,1
3185,Female,0
3186,Female,1
3187,Female,0
3188,Male,0
3189,Female,0
3190,Female,0
3191,Male,0
3192,Male,1
3193,Male,0
3194,Female,0
3195,Female,1
3196,Female,0
3197,Female,0
3198,Female,0
3199,Male,0
3200,Female,0
3201,Male,0
3202,Female,0
3203,Male,0
3204,Female,0
3205,Male,0
3206,Female,0
3207,Female,0
3208,Female,0
3209,Male,0
3210,Female,0
3211,Female,0
3212,Female,0
3213,Male,0
3214,Female,0
3215,Male,1
3216,Male,0
3217,Female,0
3218,Female,0
3219,Male,0
3220,Female,0
3221,Male,0
3222,Male,0
3223,Male,0
3224,Male,0
3225,Female,0
3226,Female,0
3227,Male,0
3228,Male,0
3229,Male,0
3230,Female,0
3231,Male,0
3232,Female,0
3233,Male,0
3234,Male,1
3235,Female,0
3236,Female,0
3237,Male,0
3238,Male,0
3239,Female,0
3240,Male,0
3241,Female,0
3242,Male,0
3243,Male,0
3244,Female,0
3245,Male,0
3246,Female,0
3247,Male,0
3248,Female,0
3249,Male,1
3250,Female,0
3251,Male,0
3252,Female,1
3253,Male,0
3254,Female,0
3255,Male,1
3256,Female,1
3257,Male,0
3258,Male,0
3259,Male,0
3260,Female,0
3261,Male,0
3262,Female,0
3263,Female,0
3264,Female,0
3265,Female,0
3266,Male,0
3267,Female,0
3268,Male,0
3269,Male,0
3270,Male,0
3271,Female,0
3272,Male,1
3273,Male,0
3274,Male,0
3275,Female,0
3276,Female,0
3277,Female,0
3278,Male,0
3279,Female,0
3280,Male,0
3281,Male,0
3282,Male,0
3283,Male,0
3284,Female,0
3285,Male,0
3286,Male,0
3287,Male,1
3288,Male,0
3289,Female,0
3290,Female,0
3291,Female,0
3292,Female,0
3293,Female,0
3294,Female,0
3295,Female,0
3296,Female,0
3297,Female,0
3298,Female,0
3299,Female,0
3300,Male,0
3301,Female,0
3302,Female,1
3303,Male,0
3304,Female,0
3305,Male,1
3306,Male,1
3307,Female,0
3308,Female,0
3309,Female,0
3310,Female,0
3311,Female,1
3312,Female,0
3313,Male,0
3314,Male,0
3315,Female,0
3316,Male,1
3317,Female,0
3318,Male,0
3319,Male,0
3320,Female,0
3321,Male,1
3322,Female,0
3323,Female,1
3324,Female,0
3325,Female,0
3326,Male,0
3327,Male,1
3328,Male,0
3329,Female,0
3330,Female,0
3331,Male,1
3332,Male,0
3333,Male,0
3334,Male,0
3335,Female,0
3336,Male,0
3337,Female,0
3338,Female,0
3339,Female,0
3340,Female,0
3341,Female,1
3342,Female,1
3343,Male,0
3344,Female,0
3345,Male,0
3346,Female,0
3347,Female,1
3348,Male,0
3349,Female,1
3350,Female,0
3351,Male,0
3352,Female,0
3353,Female,0
3354,Male,0
3355,Female,0
3356,Female,0
3357,Female,0
3358,Female,0
3359,Male,0
3360,Male,0
3361,Male,0
3362,Female,1
3363,Female,0
3364,Male,0
3365,Female,0
3366,Male,0
3367,Male,0
3368,Male,0
3369,Female,0
3370,Female,1
3371,Female,0
3372,Female,0
3373,Male,1
3374,Female,1
3375,Female,1
3376,Female,0
3377,Female,0
3378,Male,0
3379,Male,0
3380,Female,0
3381,Male,1
3382,Female,0
3383,Male,0
3384,Male,0
3385,Female,0
3386,Male,0
3387,Female,0
3388,Female,0
3389,Female,0
3390,Male,0
3391,Male,0
3392,Male,0
3393,Female,0
3394,Male,0
3395,Male,0
3396,Male,0
3397,Female,0
3398,Female,0
3399,Female,0
3400,Female,0
3401,Male,0
3402,Female,0
3403,Female,0
3404,Female,0
3405,Female,0
3406,Female,0
3407,Female,0
3408,Female,1
3409,Female,0
3410,Female,1
3411,Male,0
3412,Male,1
3413,Male,0
3414,Female,0
3415,Female,0
3416,Female,0
3417,Male,0
3418,Female,0
3419,Male,0
3420,Male,0
3421,Female,0
3422,Female,0
3423,Female,0
3424,Male,0
3425,Male,0
3426,Female,0
3427,Male,0
3428,Female,0
3429,Male,1
3430,Female,0
3431,Male,0
3432,Male,0
3433,Female,0
3434,Male,0
3435,Female,0
3436,Male,0
3437,Male,0
3438,Female,0
3439,Male,0
3440,Male,1
3441,Female,0
3442,Female,0
3443,Male,0
3444,Male,1
3445,Male,0
3446,Female,0
3447,Female,0
3448,Male,0
3449,Male,0
3450,Female,0
3451,Male,1
3452,Male,1
3453,Male,0
3454,Female,0
3455,Female,1
3456,Male,0
3457,Female,0
3458,Female,0
3459,Female,0
3460,Female,0
3461,Female,0
3462,Female,0
3463,Male,0
3464,Male,0
3465,Female,0
3466,Male,0
3467,Male,0
3468,Male,1
3469,Male,0
3470,Female,1
3471,Male,0
3472,Female,0
3473,Female,1
3474,Male,0
3475,Male,1
3476,Female,0
3477,Male,1
3478,Female,0
3479,Female,0
3480,Female,0
3481,Male,0
3482,Female,0
3483,Male,0
3484,Female,0
3485,Female,1
3486,Male,0
3487,Male,0
3488,Female,0
3489,Male,0
3490,Female,0
3491,Male,0
3492,Male,0
3493,Female,0
3494,Male,0
3495,Female,0
3496,Male,1
3497,Male,0
3498,Female,1
3499,Male,0
3500,Female,0
3501,Female,0
3502,Female,0
3503,Male,0
3504,Male,0
3505,Male,0
3506,Male,0
3507,Male,0
3508,Male,0
3509,Female,0
3510,Male,0
3511,Female,0
3512,Male,0
3513,Male,1
3514,Male,0
3515,Male,0
3516,Male,0
3517,Male,0
3518,Male,0
3519,Male,0
3520,Male,1
3521,Female,0
3522,Female,0
3523,Male,0
3524,Female,0
3525,Female,1
3526,Female,1
3527,Male,1
3528,Male,0
3529,Male,0
3530,Male,1
3531,Female,0
3532,Female,0
3533,Female,0
3534,Female,0
3535,Female,0
3536,Male,0
3537,Female,0
3538,Male,0
3539,Male,0
3540,Male,0
3541,Female,0
3542,Female,0
3543,Male,0
3544,Male,0
3545,Male,0
3546,Female,0
3547,Male,0
3548,Male,1
3549,Male,0
3550,Male,0
3551,Male,0
3552,Female,0
3553,Male,0
3554,Male,0
3555,Female,0
3556,Male,0
3557,Male,0
3558,Female,1
3559,Male,0
3560,Male,0
3561,Male,0
3562,Male,0
3563,Male,1
3564,Male,1
3565,Male,0
3566,Male,0
3567,Female,0
3568,Female,0
3569,Female,0
3570,Male,0
3571,Male,0
3572,Female,0
3573,Female,1
3574,Female,0
3575,Female,0
3576,Male,0
3577,Female,0
3578,Male,0
3579,Female,0
3580,Male,0
3581,Female,0
3582,Male,0
3583,Female,0
3584,Male,0
3585,Male,0
3586,Male,1
3587,Male,0
3588,Male,1
3589,Male,0
3590,Male,0
3591,Female,0
3592,Female,0
3593,Female,0
3594,Male,0
3595,Female,0
3596,Female,1
3597,Female,0
3598,Male,0
3599,Male,1
3600,Female,0
3601,Male,1
3602,Female,0
3603,Female,0
3604,Male,0
3605,Male,0
3606,Male,0
3607,Female,0
3608,Female,0
3609,Male,0
3610,Female,0
3611,Female,0
3612,Male,0
3613,Male,0
3614,Male,1
3615,Male,0
3616,Male,1
3617,Female,1
3618,Female,1
3619,Male,0
3620,Female,0
3621,Male,1
3622,Female,0
3623,Female,0
3624,Male,1
3625,Female,1
3626,Female,0
3627,Male,0
3628,Female,0
3629,Male,0
3630,Male,0
3631,Female,0
3632,Female,1
3633,Female,0
3634,Female,1
3635,Male,1
3636,Female,0
3637,Female,0
3638,Male,0
3639,Female,1
3640,Female,1
3641,Male,1
3642,Female,0
3643,Female,1
3644,Female,0
3645,Male,0
3646,Female,0
3647,Male,0
3648,Male,1
3649,Female,0
3650,Male,0
3651,Male,1
3652,Female,1
3653,Female,1
3654,Male,0
3655,Female,0
3656,Female,0
3657,Male,1
3658,Female,0
3659,Female,0
3660,Male,0
3661,Male,0
3662,Female,0
3663,Female,0
3664,Female,0
3665,Male,0
3666,Male,0
3667,Female,0
3668,Female,1
3669,Male,0
3670,Male,0
3671,Female,0
3672,Female,0
3673,Female,0
3674,Male,0
3675,Female,0
3676,Female,0
3677,Male,0
3678,Female,0
3679,Male,0
3680,Male,0
3681,Male,0
3682,Male,1
3683,Male,0
3684,Male,0
3685,Male,0
3686,Male,0
3687,Female,0
3688,Male,0
3689,Female,0
3690,Female,1
3691,Female,0
3692,Female,0
3693,Female,0
3694,Female,0
3695,Female,0
3696,Female,0
3697,Female,0
3698,Female,0
3699,Female,0
3700,Female,0
3701,Male,0
3702,Female,0
3703,Female,1
3704,Male,0
3705,Female,0
3706,Female,0
3707,Male,0
3708,Male,0
3709,Male,0
3710,Male,0
3711,Male,0
3712,Female,0
3713,Male,0
3714,Male,1
3715,Male,0
3716,Male,1
3717,Female,0
3718,Male,0
3719,Female,0
3720,Male,0
3721,Female,0
3722,Female,0
3723,Male,0
3724,Female,0
3725,Male,0
3726,Female,0
3727,Male,0
3728,Female,0
3729,Male,0
3730,Male,0
3731,Female,0
3732,Male,0
3733,Female,0
3734,Female,0
3735,Female,1
3736,Female,0
3737,Female,0
3738,Female,0
3739,Male,0
3740,Male,0
3741,Female,0
3742,Male,0
3743,Female,0
3744,Male,0
3745,Male,0
3746,Male,0
3747,Female,0
3748,Female,0
3749,Male,0
3750,Male,1
3751,Female,1
3752,Male,0
3753,Male,0
3754,Male,0
3755,Male,0
3756,Male,0
3757,Male,0
3758,Female,0
3759,Female,0
3760,Male,0
3761,Male,0
3762,Female,0
3763,Male,0
3764,Male,0
3765,Female,0
3766,Female,0
3767,Female,1
3768,Male,0
3769,Female,0
3770,Female,0
3771,Female,0
3772,Male,0
3773,Male,0
3774,Female,0
3775,Male,1
3776,Male,1
3777,Male,0
3778,Female,0
3779,Male,0
3780,Male,1
3781,Male,0
3782,Male,0
3783,Female,0
3784,Female,0
3785,Male,1
3786,Male,1
3787,Male,0
3788,Female,0
3789,Male,0
3790,Male,0
3791,Male,0
3792,Male,0
3793,Female,1
3794,Female,0
3795,Male,0
3796,Male,0
3797,Female,0
3798,Male,0
3799,Male,0
3800,Female,0
3801,Female,0
3802,Female,1
3803,Male,0
3804,Male,0
3805,Male,0
3806,Male,1
3807,Female,1
3808,Male,0
3809,Female,0
3810,Male,0
3811,Male,0
3812,Male,0
3813,Male,0
3814,Male,0
3815,Male,0
3816,Female,0
3817,Male,1
3818,Female,0
3819,Female,0
3820,Male,0
3821,Male,1
3822,Female,1
3823,Female,0
3824,Male,0
3825,Male,0
3826,Female,0
3827,Male,0
3828,Female,0
3829,Female,0
3830,Male,1
3831,Male,0
3832,Male,1
3833,Female,0
3834,Male,0
3835,Female,0
3836,Female,0
3837,Female,0
3838,Female,0
3839,Female,0
3840,Female,0
3841,Male,1
3842,Male,1
3843,Female,0
3844,Male,1
3845,Female,0
3846,Male,0
3847,Female,0
3848,Male,0
3849,Female,0
3850,Female,0
3851,Male,0
3852,Female,0
3853,Male,0
3854,Male,0
3855,Female,0
3856,Male,0
3857,Male,0
3858,Male,0
3859,Male,0
3860,Female,0
3861,Male,0
3862,Female,0
3863,Male,0
3864,Male,0
3865,Female,0
3866,Female,0
3867,Female,0
3868,Female,0
3869,Female,0
3870,Male,0
3871,Female,0
3872,Male,0
3873,Male,0
3874,Female,0
3875,Female,0
3876,Male,1
3877,Male,0
3878,Female,0
3879,Male,0
3880,Male,0
3881,Male,0
3882,Male,0
3883,Male,0
3884,Female,0
3885,Female,0
3886,Female,0
3887,Female,1
3888,Male,0
3889,Female,0
3890,Male,0
3891,Female,0
3892,Male,0
3893,Female,0
3894,Female,1
3895,Female,0
3896,Male,0
3897,Female,0
3898,Female,0
3899,Female,0
3900,Female,1
3901,Female,0
3902,Male,0
3903,Female,0
3904,Male,0
3905,Male,0
3906,Female,0
3907,Female,0
3908,Male,0
3909,Female,1
3910,Male,0
3911,Female,0
3912,Male,0
3913,Female,0
3914,Male,0
3915,Male,0
3916,Female,0
3917,Male,0
3918,Male,1
3919,Male,0
3920,Female,0
3921,Male,0
3922,Female,0
3923,Male,1
3924,Male,0
3925,Female,0
3926,Female,0
3927,Male,0
3928,Male,0
3929,Female,0
3930,Male,0
3931,Female,0
3932,Female,0
3933,Female,1
3934,Male,0
3935,Female,0
3936,Female,0
3937,Male,0
3938,Female,0
3939,Female,0
3940,Female,0
3941,Male,0
3942,Male,0
3943,Male,0
3944,Male,1
3945,Female,0
3946,Female,0
3947,Female,0
3948,Female,0
3949,Female,0
3950,Female,0
3951,Male,1
3952,Male,0
3953,Female,0
3954,Female,1
3955,Male,1
3956,Male,0
3957,Female,0
3958,Male,0
3959,Male,0
3960,Male,0
3961,Female,0
3962,Female,0
3963,Female,1
3964,Female,0
3965,Female,0
3966,Female,1
3967,Male,0
3968,Female,0
3969,Female,0
3970,Male,0
3971,Male,0
3972,Female,0
3973,Male,0
3974,Female,0
3975,Male,0
3976,Female,1
3977,Female,0
3978,Male,0
3979,Male,0
3980,Male,0
3981,Male,0
3982,Female,1
3983,Male,0
3984,Male,0
3985,Female,0
3986,Male,1
3987,Male,0
3988,Female,0
3989,Male,0
3990,Female,0
3991,Male,0
3992,Female,0
3993,Female,0
3994,Female,0
3995,Female,1
3996,Male,0
3997,Male,0
3998,Female,0
3999,Male,0
4000,Female,1
4001,Female,1
4002,Male,0
4003,Male,0
4004,Female,0
4005,Male,0
4006,Male,0
4007,Male,0
4008,Male,0
4009,Female,0
4010,Male,0
4011,Female,0
4012,Female,0
4013,Female,0
4014,Female,0
4015,Female,1
4016,Female,0
4017,Female,0
4018,Female,0
4019,Female,0
4020,Male,0
4021,Male,1
4022,Female,0
4023,Female,0
4024,Male,0
4025,Female,0
4026,Male,0
4027,Male,0
4028,Female,0
4029,Male,0
4030,Female,0
4031,Female,0
4032,Female,0
4033,Male,1
4034,Male,0
4035,Male,0
4036,Male,0
4037,Female,0
4038,Female,0
4039,Female,0
4040,Male,0
4041,Male,0
4042,Male,0
4043,Male,0
4044,Male,1
4045,Female,0
4046,Female,0
4047,Female,0
4048,Female,0
4049,Female,0
4050,Female,1
4051,Male,1
4052,Female,0
4053,Female,1
4054,Male,1
4055,Female,1
4056,Male,0
4057,Female,0
4058,Female,0
4059,Female,0
4060,Female,0
4061,Male,0
4062,Female,0
4063,Female,0
4064,Female,0
4065,Female,0
4066,Male,0
4067,Male,0
4068,Female,0
4069,Female,0
4070,Male,0
4071,Male,1
4072,Female,0
4073,Male,1
4074,Male,0
4075,Male,1
4076,Male,0
4077,Male,0
4078,Female,1
4079,Male,0
4080,Female,0
4081,Female,0
4082,Female,0
4083,Male,0
4084,Female,1
4085,Female,0
4086,Female,0
4087,Female,0
4088,Female,0
4089,Male,0
4090,Female,0
4091,Female,0
4092,Female,0
4093,Female,0
4094,Female,0
4095,Male,0
4096,Male,0
4097,Female,0
4098,Male,0
4099,Male,0
4100,Female,0
4101,Male,0
4102,Male,0
4103,Male,0
4104,Male,0
4105,Male,0
4106,Female,0
4107,Female,1
4108,Female,0
4109,Male,0
4110,Male,0
4111,Male,0
4112,Female,0
4113,Female,0
4114,Male,0
4115,Female,0
4116,Male,0
4117,Female,0
4118,Male,0
4119,Female,0
4120,Male,0
4121,Male,0
4122,Male,1
4123,Male,0
4124,Male,1
4125,Female,1
4126,Male,0
4127,Male,0
4128,Male,0
4129,Male,0
4130,Male,0
4131,Female,0
4132,Female,0
4133,Female,0
4134,Male,0
4135,Female,0
4136,Female,0
4137,Male,0
4138,Female,0
4139,Female,0
4140,Male,1
4141,Female,0
4142,Female,1
4143,Female,0
4144,Male,0
4145,Male,0
4146,Female,0
4147,Male,0
4148,Male,1
4149,Female,0
4150,Male,0
4151,Male,1
4152,Female,1
4153,Male,0
4154,Male,0
4155,Male,0
4156,Female,1
4157,Male,0
4158,Male,0
4159,Male,0
4160,Female,1
4161,Male,0
4162,Male,1
4163,Female,0
4164,Male,0
4165,Male,0
4166,Male,0
4167,Male,1
4168,Female,0
4169,Male,0
4170,Female,0
4171,Male,0
4172,Male,0
4173,Female,0
4174,Female,0
4175,Female,0
4176,Male,0
4177,Male,0
4178,Male,0
4179,Male,0
4180,Male,1
4181,Female,1
4182,Female,0
4183,Female,1
4184,Male,0
4185,Male,1
4186,Female,0
4187,Male,0
4188,Female,0
4189,Female,1
4190,Female,0
4191,Female,0
4192,Female,0
4193,Male,0
4194,Male,0
4195,Female,0
4196,Female,1
4197,Female,0
4198,Female,0
4199,Female,0
4200,Male,0
4201,Female,0
4202,Female,0
4203,Male,0
4204,Female,0
4205,Male,1
4206,Female,0
4207,Female,0
4208,Male,0
4209,Male,0
4210,Male,0
4211,Female,1
4212,Male,1
4213,Female,0
4214,Female,0
4215,Male,0
4216,Male,0
4217,Male,0
4218,Male,1
4219,Male,0
4220,Female,0
4221,Male,0
4222,Male,0
4223,Male,0
4224,Male,0
4225,Female,0
4226,Male,0
4227,Female,0
4228,Male,0
4229,Male,0
4230,Female,1
4231,Male,0
4232,Male,0
4233,Female,0
4234,Female,0
4235,Female,0
4236,Female,1
4237,Female,0
4238,Male,0
4239,Male,0
4240,Male,0
4241,Male,0
4242,Female,0
4243,Female,0
4244,Female,0
4245,Male,0
4246,Male,0
4247,Male,0
4248,Male,0
4249,Female,0
4250,Female,0
4251,Male,0
4252,Female,0
4253,Female,0
4254,Male,0
4255,Male,0
4256,Male,0
4257,Female,0
4258,Female,0
4259,Female,1
4260,Female,0
4261,Male,0
4262,Male,0
4263,Male,1
4264,Female,0
4265,Female,1
4266,Male,1
4267,Male,0
4268,Female,0
4269,Male,0
4270,Male,0
4271,Female,0
4272,Female,0
4273,Male,0
4274,Female,0
4275,Male,0
4276,Female,0
4277,Female,0
4278,Female,0
4279,Female,0
4280,Male,0
4281,Male,0
4282,Male,0
4283,Female,0
4284,Male,1
4285,Female,1
4286,Male,0
4287,Male,0
4288,Female,1
4289,Male,0
4290,Female,0
4291,Female,0
4292,Female,0
4293,Female,1
4294,Female,0
4295,Female,0
4296,Male,1
4297,Female,0
4298,Female,0
4299,Male,0
4300,Female,1
4301,Female,0
4302,Male,0
4303,Male,0
4304,Female,0
4305,Female,0
4306,Female,0
4307,Male,0
4308,Female,1
4309,Male,0
4310,Female,0
4311,Male,0
4312,Female,0
4313,Male,0
4314,Female,0
4315,Male,1
4316,Female,0
4317,Male,0
4318,Female,0
4319,Male,0
4320,Male,0
4321,Male,0
4322,Female,1
4323,Female,0
4324,Female,0
4325,Male,0
4326,Male,0
4327,Male,0
4328,Female,0
4329,Female,0
4330,Female,0
4331,Male,0
4332,Male,0
4333,Female,0
4334,Male,0
4335,Female,0
4336,Female,1
4337,Female,1
4338,Female,1
4339,Male,1
4340,Male,0
4341,Male,0
4342,Male,1
4343,Female,1
4344,Female,1
4345,Female,0
4346,Male,0
4347,Female,0
4348,Female,0
4349,Female,0
4350,Male,1
4351,Male,0
4352,Female,0
4353,Male,0
4354,Female,0
4355,Male,0
4356,Female,0
4357,Female,0
4358,Female,0
4359,Male,0
4360,Female,0
4361,Male,1
4362,Male,0
4363,Female,0
4364,Female,0
4365,Female,0
4366,Male,0
4367,Male,1
4368,Male,1
4369,Female,1
4370,Male,0
4371,Female,0
4372,Male,0
4373,Male,0
4374,Female,0
4375,Male,0
4376,Male,0
4377,Female,0
4378,Female,0
4379,Female,0
4380,Female,0
4381,Female,0
4382,Female,1
4383,Female,1
4384,Male,0
4385,Female,0
4386,Male,0
4387,Male,0
4388,Male,0
4389,Female,0
4390,Male,0
4391,Male,0
4392,Female,0
4393,Male,0
4394,Female,0
4395,Male,0
4396,Female,0
4397,Male,1
4398,Female,0
4399,Male,0
4400,Female,0
4401,Female,0
4402,Female,1
4403,Male,0
4404,Female,0
4405,Male,0
4406,Male,0
4407,Female,0
4408,Male,0
4409,Female,0
4410,Male,1
4411,Female,0
4412,Female,0
4413,Male,0
4414,Female,1
4415,Female,0
4416,Male,0
4417,Female,0
4418,Male,0
4419,Male,0
4420,Female,0
4421,Male,0
4422,Male,0
4423,Male,0
4424,Male,0
4425,Male,0
4426,Male,0
4427,Female,0
4428,Female,0
4429,Male,0
4430,Female,0
4431,Female,0
4432,Female,0
4433,Male,0
4434,Female,0
4435,Female,0
4436,Male,0
4437,Female,0
4438,Male,0
4439,Male,0
4440,Male,0
4441,Male,0
4442,Male,0
4443,Male,0
4444,Female,0
4445,Female,0
4446,Female,0
4447,Male,1
4448,Male,0
4449,Female,1
4450,Female,0
4451,Male,0
4452,Male,1
4453,Female,0
4454,Male,0
4455,Male,0
4456,Female,0
4457,Female,0
4458,Male,0
4459,Male,0
4460,Female,0
4461,Male,0
4462,Male,0
4463,Female,0
4464,Male,0
4465,Male,0
4466,Male,0
4467,Male,0
4468,Female,0
4469,Female,0
4470,Male,0
4471,Male,0
4472,Male,1
4473,Male,0
4474,Female,1
4475,Male,0
4476,Female,0
4477,Female,0
4478,Male,0
4479,Female,0
4480,Female,0
4481,Female,0
4482,Male,0
4483,Female,0
4484,Male,0
4485,Male,0
4486,Male,0
4487,Female,0
4488,Male,0
4489,Female,1
4490,Female,0
4491,Female,1
4492,Male,0
4493,Male,0
4494,Female,0
4495,Male,0
4496,Female,0
4497,Female,0
4498,Male,1
4499,Female,0
4500,Female,0
4501,Male,0
4502,Female,0
4503,Male,0
4504,Female,0
4505,Male,0
4506,Female,0
4507,Male,1
4508,Female,0
4509,Female,0
4510,Female,0
4511,Female,0
4512,Male,0
4513,Female,1
4514,Female,1
4515,Female,0
4516,Female,0
4517,Male,0
4518,Female,1
4519,Male,1
4520,Female,0
4521,Male,0
4522,Female,0
4523,Male,0
4524,Male,1
4525,Male,0
4526,Male,0
4527,Male,0
4528,Female,0
4529,Female,0
4530,Male,1
4531,Female,0
4532,Male,0
4533,Female,0
4534,Female,0
4535,Male,0
4536,Female,0
4537,Male,0
4538,Male,0
4539,Female,0
4540,Male,0
4541,Male,0
4542,Female,1
4543,Female,1
4544,Male,0
4545,Male,0
4546,Female,0
4547,Female,0
4548,Male,0
4549,Female,0
4550,Female,0
4551,Female,0
4552,Male,0
4553,Female,0
4554,Male,0
4555,Male,0
4556,Male,0
4557,Male,0
4558,Male,0
4559,Female,1
4560,Male,0
4561,Male,0
4562,Female,0
4563,Female,0
4564,Female,0
4565,Male,0
4566,Female,0
4567,Male,0
4568,Male,0
4569,Male,0
4570,Female,0
4571,Male,0
4572,Female,0
4573,Female,0
4574,Male,0
4575,Female,1
4576,Male,0
4577,Male,0
4578,Female,1
4579,Female,0
4580,Male,0
4581,Female,0
4582,Male,0
4583,Male,0
4584,Female,0
4585,Male,1
4586,Female,1
4587,Female,0
4588,Female,0
4589,Female,0
4590,Female,0
4591,Female,1
4592,Female,0
4593,Female,0
4594,Female,0
4595,Female,0
4596,Female,0
4597,Male,0
4598,Female,0
4599,Male,0
4600,Female,0
4601,Male,0
4602,Male,0
4603,Female,0
4604,Male,0
4605,Male,1
4606,Male,0
4607,Female,0
4608,Male,0
4609,Male,0
4610,Male,0
4611,Male,0
4612,Female,0
4613,Female,0
4614,Female,1
4615,Male,0
4616,Female,0
4617,Male,0
4618,Female,0
4619,Male,1
4620,Male,0
4621,Male,0
4622,Female,0
4623,Male,0
4624,Male,1
4625,Male,0
4626,Female,1
4627,Female,1
4628,Male,0
4629,Female,0
4630,Female,0
4631,Male,0
4632,Male,0
4633,Female,0
4634,Female,0
4635,Female,0
4636,Female,0
4637,Male,0
4638,Male,1
4639,Female,0
4640,Male,1
4641,Male,0
4642,Female,0
4643,Male,0
4644,Male,0
4645,Male,0
4646,Female,0
4647,Female,0
4648,Male,0
4649,Male,0
4650,Male,0
4651,Female,0
4652,Female,0
4653,Female,0
4654,Female,0
4655,Female,0
4656,Female,0
4657,Female,0
4658,Male,0
4659,Female,0
4660,Female,0
4661,Female,0
4662,Female,0
4663,Male,0
4664,Female,1
4665,Female,0
4666,Female,0
4667,Female,0
4668,Female,0
4669,Female,0
4670,Male,0
4671,Female,0
4672,Female,0
4673,Male,0
4674,Female,1
4675,Male,0
4676,Male,0
4677,Male,0
4678,Male,0
4679,Female,0
4680,Female,0
4681,Male,1
4682,Male,1
4683,Female,1
4684,Male,0
4685,Male,0
4686,Female,0
4687,Female,1
4688,Male,0
4689,Female,1
4690,Female,0
4691,Male,0
4692,Female,1
4693,Female,0
4694,Male,0
4695,Male,0
4696,Female,0
4697,Female,0
4698,Male,0
4699,Female,1
4700,Female,0
4701,Female,0
4702,Male,1
4703,Male,1
4704,Male,1
4705,Male,0
4706,Male,0
4707,Female,0
4708,Male,0
4709,Female,0
4710,Female,1
4711,Female,0
4712,Male,0
4713,Male,0
4714,Male,0
4715,Female,0
4716,Female,0
4717,Female,0
4718,Male,0
4719,Female,0
4720,Male,0
4721,Male,1
4722,Male,0
4723,Female,0
4724,Male,0
4725,Female,0
4726,Male,0
4727,Female,0
4728,Male,0
4729,Male,0
4730,Female,0
4731,Male,1
4732,Male,0
4733,Female,0
4734,Male,0
4735,Male,0
4736,Male,0
4737,Female,0
4738,Female,0
4739,Male,0
4740,Female,0
4741,Male,1
4742,Female,1
4743,Male,0
4744,Male,0
4745,Male,1
4746,Female,0
4747,Male,0
4748,Male,0
4749,Male,0
4750,Male,0
4751,Male,0
4752,Male,0
4753,Male,0
4754,Female,0
4755,Male,0
4756,Male,0
4757,Male,0
4758,Male,0
4759,Female,0
4760,Male,0
4761,Male,0
4762,Male,0
4763,Male,1
4764,Female,0
4765,Male,0
4766,Male,0
4767,Female,0
4768,Male,0
4769,Male,1
4770,Male,0
4771,Female,0
4772,Female,0
4773,Female,0
4774,Male,0
4775,Female,0
4776,Female,0
4777,Female,0
4778,Female,0
4779,Male,0
4780,Female,0
4781,Male,0
4782,Male,0
4783,Male,0
4784,Female,1
4785,Female,0
4786,Male,0
4787,Male,0
4788,Female,0
4789,Male,0
4790,Female,0
4791,Female,1
4792,Male,0
4793,Female,1
4794,Male,0
4795,Male,0
4796,Female,0
4797,Female,0
4798,Male,0
4799,Female,1
4800,Female,0
4801,Male,1
4802,Female,0
4803,Female,0
4804,Male,0
4805,Female,0
4806,Male,0
4807,Male,0
4808,Female,0
4809,Female,0
4810,Female,0
4811,Female,1
4812,Female,0
4813,Female,0
4814,Female,0
4815,Female,0
4816,Male,0
4817,Female,0
4818,Female,0
4819,Male,1
4820,Male,0
4821,Female,0
4822,Male,0
4823,Male,0
4824,Male,0
4825,Male,1
4826,Male,0
4827,Female,1
4828,Female,0
4829,Female,0
4830,Female,0
4831,Male,0
4832,Female,0
4833,Male,0
4834,Female,0
4835,Male,0
4836,Male,0
4837,Female,0
4838,Female,0
4839,Female,0
4840,Male,1
4841,Female,1
4842,Female,0
4843,Male,1
4844,Male,0
4845,Female,0
4846,Male,0
4847,Male,0
4848,Female,1
4849,Female,0
4850,Male,0
4851,Female,0
4852,Female,1
4853,Male,1
4854,Female,0
4855,Male,0
4856,Male,0
4857,Female,0
4858,Female,0
4859,Male,0
4860,Male,1
4861,Male,0
4862,Female,1
4863,Female,0
4864,Male,0
4865,Male,0
4866,Female,0
4867,Female,0
4868,Male,0
4869,Female,0
4870,Male,0
4871,Male,0
4872,Male,0
4873,Female,0
4874,Female,0
4875,Female,0
4876,Female,1
4877,Male,0
4878,Female,0
4879,Male,0
4880,Female,1
4881,Male,0
4882,Male,0
4883,Female,0
4884,Male,1
4885,Female,0
4886,Male,1
4887,Female,0
4888,Female,0
4889,Male,0
4890,Male,0
4891,Male,0
4892,Male,0
4893,Male,1
4894,Male,0
4895,Male,1
4896,Female,1
4897,Male,0
4898,Male,0
4899,Female,0
4900,Female,0
4901,Male,1
4902,Female,0
4903,Female,0
4904,Female,0
4905,Female,0
4906,Female,0
4907,Female,0
4908,Female,0
4909,Female,1
4910,Male,0
4911,Female,0
4912,Male,1
4913,Male,1
4914,Male,0
4915,Female,0
4916,Female,0
4917,Female,0
4918,Female,0
4919,Male,0
4920,Male,0
4921,Female,0
4922,Female,0
4923,Female,0
4924,Female,0
4925,Female,0
4926,Male,0
4927,Male,0
4928,Male,0
4929,Female,1
4930,Male,1
4931,Female,0
4932,Male,0
4933,Male,0
4934,Female,0
4935,Female,0
4936,Male,1
4937,Female,1
4938,Female,0
4939,Male,0
4940,Male,0
4941,Male,1
4942,Male,0
4943,Male,0
4944,Female,0
4945,Male,0
4946,Male,0
4947,Male,0
4948,Male,0
4949,Female,0
4950,Male,0
4951,Female,0
4952,Male,1
4953,Male,0
4954,Female,0
4955,Male,0
4956,Male,0
4957,Female,1
4958,Male,0
4959,Female,0
4960,Female,0
4961,Male,1
4962,Male,0
4963,Female,0
4964,Male,0
4965,Female,0
4966,Female,0
4967,Male,0
4968,Female,0
4969,Female,1
4970,Female,0
4971,Male,0
4972,Female,0
4973,Female,0
4974,Male,1
4975,Male,0
4976,Male,0
4977,Male,0
4978,Male,0
4979,Female,0
4980,Female,0
4981,Female,1
4982,Male,0
4983,Female,1
4984,Female,1
4985,Female,0
4986,Female,0
4987,Female,0
4988,Male,0
4989,Female,0
4990,Female,0
4991,Female,0
4992,Female,0
4993,Male,0
4994,Male,0
4995,Female,0
4996,Female,0
4997,Female,0
4998,Male,1
4999,Male,1
5000,Female,0
5001,Male,0
5002,Male,0
5003,Female,0
5004,Male,0
5005,Female,0
5006,Female,0
5007,Female,0
5008,Male,0
5009,Female,0
5010,Male,0
5011,Female,0
5012,Female,1
5013,Female,0
5014,Male,1
5015,Male,1
5016,Female,0
5017,Female,0
5018,Female,0
5019,Female,0
5020,Male,1
5021,Female,0
5022,Female,0
5023,Male,0
5024,Female,0
5025,Male,0
5026,Male,0
5027,Male,0
5028,Male,1
5029,Female,0
5030,Female,0
5031,Male,0
5032,Male,0
5033,Female,0
5034,Female,0
5035,Female,1
5036,Male,0
5037,Female,1
5038,Female,0
5039,Female,0
5040,Female,1
5041,Male,0
5042,Male,0
5043,Male,0
5044,Male,1
5045,Male,0
5046,Female,0
5047,Female,0
5048,Male,0
5049,Female,1
5050,Female,0
5051,Male,0
5052,Male,0
5053,Male,0
5054,Female,0
5055,Female,0
5056,Female,1
5057,Female,0
5058,Male,0
5059,Female,0
5060,Female,0
5061,Female,0
5062,Female,1
5063,Female,0
5064,Male,0
5065,Male,0
5066,Male,1
5067,Male,0
5068,Female,0
5069,Female,0
5070,Female,0
5071,Male,0
5072,Male,0
5073,Male,1
5074,Female,0
5075,Female,0
5076,Female,0
5077,Female,0
5078,Female,0
5079,Female,0
5080,Male,0
5081,Male,0
5082,Male,0
5083,Male,0
5084,Female,0
5085,Female,0
5086,Male,0
5087,Male,0
5088,Female,0
5089,Female,0
5090,Male,0
5091,Male,1
5092,Male,0
5093,Female,0
5094,Male,0
5095,Female,0
5096,Female,0
5097,Male,0
5098,Male,0
5099,Male,1
5100,Female,0
5101,Female,0
5102,Male,0
5103,Female,0
5104,Female,0
5105,Female,0
5106,Female,1
5107,Female,0
5108,Female,0
5109,Female,0
5110,Male,0
5111,Female,0
5112,Male,1
5113,Female,0
5114,Female,0
5115,Female,1
5116,Male,0
5117,Male,0
5118,Female,0
5119,Female,0
5120,Female,0
5121,Male,0
5122,Male,0
5123,Female,0
5124,Female,1
5125,Female,0
5126,Female,0
5127,Male,0
5128,Male,0
5129,Female,1
5130,Female,0
5131,Male,0
5132,Female,0
5133,Male,0
5134,Male,1
5135,Male,1
5136,Female,0
5137,Male,1
5138,Male,1
5139,Male,1
5140,Male,0
5141,Male,0
5142,Male,0
5143,Female,0
5144,Female,0
5145,Female,1
5146,Male,0
5147,Male,0
5148,Male,0
5149,Male,0
5150,Female,0
5151,Female,0
5152,Female,0
5153,Female,0
5154,Male,1
5155,Female,0
5156,Female,0
5157,Male,0
5158,Female,0
5159,Male,0
5160,Male,0
5161,Female,0
5162,Male,0
5163,Male,0
5164,Male,0
5165,Female,0
5166,Male,1
5167,Male,0
5168,Female,0
5169,Male,0
5170,Male,0
5171,Female,0
5172,Female,0
5173,Male,0
5174,Male,0
5175,Female,0
5176,Female,0
5177,Female,0
5178,Male,1
5179,Female,0
5180,Male,0
5181,Female,0
5182,Male,0
5183,Male,0
5184,Female,1
5185,Female,0
5186,Female,0
5187,Female,1
5188,Female,1
5189,Male,1
5190,Male,0
5191,Male,1
5192,Female,0
5193,Male,0
5194,Female,0
5195,Male,0
5196,Male,0
5197,Female,1
5198,Female,0
5199,Female,1
5200,Female,0
5201,Female,0
5202,Male,0
5203,Male,0
5204,Male,0
5205,Male,1
5206,Female,0
5207,Male,0
5208,Female,1
5209,Female,0
5210,Male,0
5211,Male,0
5212,Female,0
5213,Male,0
5214,Female,1
5215,Female,0
5216,Female,0
5217,Female,0
5218,Female,0
5219,Male,0
5220,Male,0
5221,Female,0
5222,Female,1
5223,Female,0
5224,Male,0
5225,Female,1
5226,Male,0
5227,Male,0
5228,Male,0
5229,Male,0
5230,Female,1
5231,Male,0
5232,Male,1
5233,Male,0
5234,Female,0
5235,Female,0
5236,Male,0
5237,Male,0
5238,Female,0
5239,Female,0
5240,Male,0
5241,Female,1
5242,Male,0
5243,Male,0
5244,Male,0
5245,Female,0
5246,Female,0
5247,Female,0
5248,Female,0
5249,Female,0
5250,Male,0
5251,Male,0
5252,Female,1
5253,Male,1
5254,Male,1
5255,Male,0
5256,Female,0
5257,Male,0
5258,Male,1
5259,Male,0
5260,Male,1
5261,Female,0
5262,Male,1
5263,Female,0
5264,Male,1
5265,Male,1
5266,Female,0
5267,Male,0
5268,Male,1
5269,Male,0
5270,Male,0
5271,Male,0
5272,Male,0
5273,Female,0
5274,Female,0
5275,Female,1
5276,Male,0
5277,Male,0
5278,Female,0
5279,Female,0
5280,Male,0
5281,Female,0
5282,Female,0
5283,Female,0
5284,Female,0
5285,Female,1
5286,Female,0
5287,Male,0
5288,Male,0
5289,Female,0
5290,Female,0
5291,Female,0
5292,Female,0
5293,Male,0
5294,Male,0
5295,Female,0
5296,Female,1
5297,Female,0
5298,Female,0
5299,Female,1
5300,Female,1
5301,Female,0
5302,Male,0
5303,Female,0
5304,Male,0
5305,Male,1
5306,Female,0
5307,Male,0
5308,Male,0
5309,Female,0
5310,Female,0
5311,Male,0
5312,Female,0
5313,Male,0
5314,Male,0
5315,Female,0
5316,Male,0
5317,Male,0
5318,Female,0
5319,Female,0
5320,Female,1
5321,Male,0
5322,Female,0
5323,Female,0
5324,Female,0
5325,Male,0
5326,Male,0
5327,Male,0
5328,Female,0
5329,Female,0
5330,Female,0
5331,Male,1
5332,Male,0
5333,Female,0
5334,Female,0
5335,Female,0
5336,Female,0
5337,Male,0
5338,Male,0
5339,Female,0
5340,Male,0
5341,Female,0
5342,Female,1
5343,Female,0
5344,Female,0
5345,Male,0
5346,Male,0
5347,Male,0
5348,Male,0
5349,Male,0
5350,Male,0
5351,Male,0
5352,Female,0
5353,Male,0
5354,Male,0
5355,Female,0
5356,Male,0
5357,Female,0
5358,Male,0
5359,Male,0
5360,Female,1
5361,Male,0
5362,Female,0
5363,Male,0
5364,Male,0
5365,Male,0
5366,Male,0
5367,Female,0
5368,Female,0
5369,Female,1
5370,Female,0
5371,Male,0
5372,Female,0
5373,Female,1
5374,Male,0
5375,Female,0
5376,Female,0
5377,Male,0
5378,Male,0
5379,Female,0
5380,Female,0
5381,Male,0
5382,Male,0
5383,Male,0
5384,Male,0
5385,Female,0
5386,Male,0
5387,Male,0
5388,Male,0
5389,Male,0
5390,Female,0
5391,Male,1
5392,Female,0
5393,Male,0
5394,Female,0
5395,Female,0
5396,Female,0
5397,Female,0
5398,Male,0
5399,Male,0
5400,Female,0
5401,Female,0
5402,Male,0
5403,Female,0
5404,Female,0
5405,Female,0
5406,Male,0
5407,Male,0
5408,Female,0
5409,Female,0
5410,Female,1
5411,Female,0
5412,Female,1
5413,Male,1
5414,Female,0
5415,Male,0
5416,Female,0
5417,Female,0
5418,Male,0
5419,Male,1
5420,Female,1
5421,Male,0
5422,Female,0
5423,Male,0
5424,Male,0
5425,Male,1
5426,Female,0
5427,Male,0
5428,Female,0
5429,Female,0
5430,Female,0
5431,Male,0
5432,Female,0
5433,Female,0
5434,Male,0
5435,Male,0
5436,Female,0
5437,Female,0
5438,Female,1
5439,Male,0
5440,Male,1
5441,Female,0
5442,Female,0
5443,Female,0
5444,Male,0
5445,Male,0
5446,Male,0
5447,Male,0
5448,Female,0
5449,Female,0
5450,Male,0
5451,Male,0
5452,Female,0
5453,Female,0
5454,Male,0
5455,Female,1
5456,Female,0
5457,Female,0
5458,Female,0
5459,Male,0
5460,Female,0
5461,Male,0
5462,Female,0
5463,Male,0
5464,Female,0
5465,Male,0
5466,Female,0
5467,Male,0
5468,Female,0
5469,Female,0
5470,Male,0
5471,Female,1
5472,Female,0
5473,Male,0
5474,Male,0
5475,Female,0
5476,Male,0
5477,Female,1
5478,Female,0
5479,Male,0
5480,Female,0
5481,Female,0
5482,Male,1
5483,Male,0
5484,Female,0
5485,Male,0
5486,Male,0
5487,Male,0
5488,Male,0
5489,Male,1
5490,Female,0
5491,Male,0
5492,Male,0
5493,Female,0
5494,Female,1
5495,Female,0
5496,Male,0
5497,Male,0
5498,Male,0
5499,Female,1
5500,Male,1
5501,Male,0
5502,Male,0
5503,Male,1
5504,Male,0
5505,Male,1
5506,Female,0
5507,Male,0
5508,Female,0
5509,Male,0
5510,Female,0
5511,Male,0
5512,Male,0
5513,Female,0
5514,Female,1
5515,Female,0
5516,Female,0
5517,Male,0
5518,Male,1
5519,Male,0
5520,Male,0
5521,Female,0
5522,Male,0
5523,Female,0
5524,Female,0
5525,Male,0
5526,Female,0
5527,Male,0
5528,Female,1
5529,Male,0
5530,Male,0
5531,Female,0
5532,Male,0
5533,Female,0
5534,Female,1
5535,Male,0
5536,Female,0
5537,Male,0
5538,Male,1
5539,Female,0
5540,Male,0
5541,Female,0
5542,Female,0
5543,Female,0
5544,Female,1
5545,Male,0
5546,Male,1
5547,Male,0
5548,Female,0
5549,Male,0
5550,Female,0
5551,Male,1
5552,Male,0
5553,Male,0
5554,Male,0
5555,Female,0
5556,Female,0
5557,Male,0
5558,Female,0
5559,Female,0
5560,Female,0
5561,Male,0
5562,Male,0
5563,Female,1
5564,Female,0
5565,Male,0
5566,Female,0
5567,Male,0
5568,Female,1
5569,Female,0
5570,Female,1
5571,Female,0
5572,Male,0
5573,Male,0
5574,Female,1
5575,Female,0
5576,Male,0
5577,Female,0
5578,Male,0
5579,Female,0
5580,Female,0
5581,Male,0
5582,Male,0
5583,Female,0
5584,Female,1
5585,Male,0
5586,Male,0
5587,Female,0
5588,Female,1
5589,Male,0
5590,Female,0
5591,Male,0
5592,Male,0
5593,Male,0
5594,Male,0
5595,Female,0
5596,Female,0
5597,Female,0
5598,Male,1
5599,Female,0
5600,Male,0
5601,Male,0
5602,Female,0
5603,Male,0
5604,Female,0
5605,Male,0
5606,Male,0
5607,Male,0
5608,Female,1
5609,Female,0
5610,Male,0
5611,Female,0
5612,Female,1
5613,Female,0
5614,Female,0
5615,Male,0
5616,Male,0
5617,Female,0
5618,Male,0
5619,Male,0
5620,Female,1
5621,Male,0
5622,Female,0
5623,Male,0
5624,Male,0
5625,Male,1
5626,Female,0
5627,Female,0
5628,Male,1
5629,Female,0
5630,Male,1
5631,Female,0
5632,Male,0
5633,Male,0
5634,Male,0
5635,Female,0
5636,Female,0
5637,Male,0
5638,Male,0
5639,Male,0
5640,Male,0
5641,Male,0
5642,Male,0
5643,Female,0
5644,Male,0
5645,Male,0
5646,Male,0
5647,Male,0
5648,Female,0
5649,Female,1
5650,Female,0
5651,Male,0
5652,Female,0
5653,Female,0
5654,Female,0
5655,Male,1
5656,Male,0
5657,Male,0
5658,Male,0
5659,Male,0
5660,Male,0
5661,Female,0
5662,Male,0
5663,Female,0
5664,Female,0
5665,Female,1
5666,Male,0
5667,Male,0
5668,Female,0
5669,Female,1
5670,Male,1
5671,Female,0
5672,Female,0
5673,Female,0
5674,Male,0
5675,Female,0
5676,Male,0
5677,Male,0
5678,Male,0
5679,Female,0
5680,Male,0
5681,Female,1
5682,Female,1
5683,Female,0
5684,Female,0
5685,Female,1
5686,Male,0
5687,Male,1
5688,Male,0
5689,Male,0
5690,Male,0
5691,Male,0
5692,Male,0
5693,Male,0
5694,Male,1
5695,Female,0
5696,Female,0
5697,Male,0
5698,Female,0
5699,Male,0
5700,Male,0
5701,Male,1
5702,Female,0
5703,Male,1
5704,Male,1
5705,Female,0
5706,Male,0
5707,Female,0
5708,Female,0
5709,Female,1
5710,Female,0
5711,Female,0
5712,Female,1
5713,Female,0
5714,Male,1
5715,Female,0
5716,Male,0
5717,Male,0
5718,Male,1
5719,Male,0
5720,Female,0
5721,Female,0
5722,Female,0
5723,Female,1
5724,Male,0
5725,Male,0
5726,Female,0
5727,Female,0
5728,Female,0
5729,Female,0
5730,Female,0
5731,Male,0
5732,Female,0
5733,Male,1
5734,Female,0
5735,Male,0
5736,Female,0
5737,Male,0
5738,Male,0
5739,Male,0
5740,Male,1
5741,Male,0
5742,Male,0
5743,Male,1
5744,Female,1
5745,Male,1
5746,Female,0
5747,Female,0
5748,Male,0
5749,Female,0
5750,Female,1
5751,Female,1
5752,Female,0
5753,Male,0
5754,Male,0
5755,Female,0
5756,Male,1
5757,Female,0
5758,Female,1
5759,Male,0
5760,Female,0
5761,Male,1
5762,Female,0
5763,Male,1
5764,Female,0
5765,Male,1
5766,Female,1
5767,Female,0
5768,Female,0
5769,Male,0
5770,Female,0
5771,Female,0
5772,Female,0
5773,Male,0
5774,Female,0
5775,Male,0
5776,Male,0
5777,Male,0
5778,Male,0
5779,Female,0
5780,Female,0
5781,Male,0
5782,Female,0
5783,Female,1
5784,Female,1
5785,Female,0
5786,Male,0
5787,Female,0
5788,Female,0
5789,Female,0
5790,Female,0
5791,Female,0
5792,Male,0
5793,Female,1
5794,Male,0
5795,Male,1
5796,Male,0
5797,Female,0
5798,Male,0
5799,Female,0
5800,Female,0
5801,Female,0
5802,Male,1
5803,Female,0
5804,Male,0
5805,Female,0
5806,Male,1
5807,Female,0
5808,Male,0
5809,Male,0
5810,Female,0
5811,Female,0
5812,Male,0
5813,Male,0
5814,Male,0
5815,Male,0
5816,Male,1
5817,Female,0
5818,Male,0
5819,Male,0
5820,Female,0
5821,Male,0
5822,Female,0
5823,Female,1
5824,Female,0
5825,Male,0
5826,Male,1
5827,Female,0
5828,Male,0
5829,Female,0
5830,Male,0
5831,Male,0
5832,Female,0
5833,Male,0
5834,Male,1
5835,Female,0
5836,Female,0
5837,Male,0
5838,Female,0
5839,Male,0
5840,Male,1
5841,Female,0
5842,Male,1
5843,Female,0
5844,Male,1
5845,Female,0
5846,Female,0
5847,Female,0
5848,Female,0
5849,Male,0
5850,Male,0
5851,Male,1
5852,Female,1
5853,Male,1
5854,Male,0
5855,Female,0
5856,Female,0
5857,Female,0
5858,Female,0
5859,Female,0
5860,Female,0
5861,Female,0
5862,Male,0
5863,Female,0
5864,Female,0
5865,Female,0
5866,Female,0
5867,Male,0
5868,Male,1
5869,Female,0
5870,Female,0
5871,Male,0
5872,Male,0
5873,Female,0
5874,Female,0
5875,Female,0
5876,Female,0
5877,Female,1
5878,Female,0
5879,Male,0
5880,Male,0
5881,Male,0
5882,Female,0
5883,Female,0
5884,Female,0
5885,Male,1
5886,Male,0
5887,Female,0
5888,Male,0
5889,Female,0
5890,Male,1
5891,Female,0
5892,Male,0
5893,Male,0
5894,Male,0
5895,Male,0
5896,Female,0
5897,Male,1
5898,Male,0
5899,Female,0
5900,Male,1
5901,Male,0
5902,Male,0
5903,Female,0
5904,Male,0
5905,Female,0
5906,Male,0
5907,Female,1
5908,Male,0
5909,Male,0
5910,Female,0
5911,Male,0
5912,Male,0
5913,Female,1
5914,Female,0
5915,Male,0
5916,Male,0
5917,Female,0
5918,Male,0
5919,Male,0
5920,Male,0
5921,Female,1
5922,Female,0
5923,Male,0
5924,Female,0
5925,Male,0
5926,Male,0
5927,Male,0
5928,Male,0
5929,Female,0
5930,Male,1
5931,Female,0
5932,Male,1
5933,Male,0
5934,Male,1
5935,Female,1
5936,Male,1
5937,Female,0
5938,Female,1
5939,Male,1
5940,Male,0
5941,Male,0
5942,Female,0
5943,Female,0
5944,Male,0
5945,Male,0
5946,Female,1
5947,Female,0
5948,Female,0
5949,Male,0
5950,Female,0
5951,Male,0
5952,Female,0
5953,Female,0
5954,Male,0
5955,Male,0
5956,Male,0
5957,Female,0
5958,Male,1
5959,Male,0
5960,Female,0
5961,Female,1
5962,Female,0
5963,Male,0
5964,Male,0
5965,Female,0
5966,Male,0
5967,Male,0
5968,Male,1
5969,Female,0
5970,Female,0
5971,Male,0
5972,Male,0
5973,Female,1
5974,Male,0
5975,Male,0
5976,Male,0
5977,Male,0
5978,Male,0
5979,Female,0
5980,Male,0
5981,Female,0
5982,Female,0
5983,Male,0
5984,Female,0
5985,Male,0
5986,Female,0
5987,Male,1
5988,Female,0
5989,Male,0
5990,Male,1
