id,CustomerID,Tenure,PhoneService,Contract,PaperlessBilling,PaymentMethod,MonthlyCharges,TotalCharges,Churn
1,6733-LRIZX,35,1,2,1,Electronic check,108.95,4025.5,No
2,9503-XJUME,52,1,1,0,Credit card (automatic),19.65,928.4,No
3,4367-NHWMM,1,0,0,1,Mailed check,24.9,24.9,No
4,3727-RJMEO,6,1,0,1,Electronic check,82.85,460.25,Yes
5,3779-OSWCF,71,1,2,0,Credit card (automatic),93.2,6506.15,No
6,6736-DHUQI,67,1,1,0,Bank transfer (automatic),84.8,5598.3,No
7,3915-ODIYG,60,1,1,1,Electronic check,71.75,4374.55,No
8,1360-RCYRT,23,0,0,1,Bank transfer (automatic),30.35,678.75,No
9,2724-FJDYW,39,0,1,0,Bank transfer (automatic),54.85,2191.7,No
10,4451-RWASJ,15,1,1,1,Mailed check,19.5,239.75,No
11,6646-VRFOL,53,1,0,1,Electronic check,103.85,5485.5,Yes
12,3460-TJBWI,24,1,2,0,Mailed check,24.2,609.05,No
13,5917-HBSDW,37,1,0,0,Electronic check,19.35,683.75,No
14,5685-IIXLY,5,1,0,1,Electronic check,83.6,404.2,Yes
15,5671-UUNXD,50,1,1,1,Electronic check,100.65,5189.75,No
16,0956-ACVZC,54,1,1,1,Credit card (automatic),94.1,5060.9,No
17,2325-NBPZG,3,1,0,1,Electronic check,74.55,233.65,No
18,4250-ZBWLV,68,1,1,0,Electronic check,108.45,7176.55,Yes
19,4482-FTFFX,5,1,0,0,Electronic check,56.15,291.45,No
20,8859-DZTGQ,33,1,2,0,Mailed check,20.35,689.75,No
21,0440-MOGPM,41,1,1,1,Electronic check,80.55,3263.9,No
22,0020-JDNXP,34,0,1,0,Mailed check,61.25,1993.2,No
23,3752-CQSJI,13,1,0,1,Mailed check,20.45,254.5,No
24,5025-GOOKI,20,1,0,1,Credit card (automatic),18.9,347.65,No
25,4698-KVLLG,51,1,2,0,Credit card (automatic),19.6,967.9,No
26,5095-AESKG,3,1,0,1,Credit card (automatic),91.5,242.95,Yes
27,2887-JPYLU,41,1,0,0,Bank transfer (automatic),45.2,1841.9,No
28,4770-QAZXN,13,1,0,0,Credit card (automatic),19.45,232.1,No
29,4896-CPRPF,35,1,2,0,Bank transfer (automatic),25.45,809.25,No
30,1871-MOWRM,12,1,0,0,Bank transfer (automatic),80.85,866.45,Yes
31,9714-EDSUC,4,1,0,1,Mailed check,94.9,360.55,No
32,2027-OAQQC,43,0,0,1,Bank transfer (automatic),49.05,2076.2,Yes
33,0282-NVSJS,12,0,0,1,Mailed check,29.3,355.9,No
34,9090-SGQXL,68,1,0,1,Electronic check,105.3,7299.65,Yes
35,6595-YGXIT,25,1,0,1,Electronic check,88.95,2291.2,Yes
36,7353-YOWFP,7,1,1,0,Mailed check,20.25,129.15,No
37,9835-ZIITK,66,1,1,1,Electronic check,110.85,7491.75,Yes
38,8008-ESFLK,53,1,1,0,Electronic check,110.5,5835.5,No
39,7537-CBQUZ,63,1,0,1,Bank transfer (automatic),109.4,7031.45,No
40,1555-DJEQW,70,1,2,1,Bank transfer (automatic),114.2,7723.9,Yes
41,5649-TJHOV,27,0,0,0,Bank transfer (automatic),36.5,1032,Yes
42,0519-XUZJU,1,1,0,0,Mailed check,70.75,70.75,Yes
43,3363-EWLGO,5,1,0,0,Mailed check,19.95,109.6,No
44,4750-UKWJK,37,1,1,0,Mailed check,19.6,727.8,No
45,6338-AVWCY,3,0,0,1,Mailed check,40.15,130.75,Yes
46,1689-YQBYY,12,1,0,1,Electronic check,76.6,893,No
47,4487-ZYJZK,38,1,1,0,Credit card (automatic),19.6,763.1,No
48,2959-FENLU,9,1,0,1,Credit card (automatic),85.3,781.4,No
49,0708-LGSMF,13,1,0,1,Electronic check,65.85,902.25,No
50,9253-QXKBE,29,1,0,1,Electronic check,94.45,2653.65,Yes
51,7634-HLQJR,47,1,2,0,Credit card (automatic),20.05,1016.7,No
52,0487-RPVUM,61,1,0,0,Bank transfer (automatic),99.4,5943.65,No
53,4079-ULGFR,16,1,0,0,Mailed check,20,275.7,No
54,2516-XSJKX,41,1,2,0,Electronic check,78.45,3126.45,No
55,0057-QBUQH,43,1,2,1,Electronic check,25.1,1070.15,No
56,9445-SZLCH,36,1,0,1,Bank transfer (automatic),97.35,3457.9,Yes
57,6599-SFQVE,6,1,0,1,Electronic check,55,340.4,No
58,8331-ZXFOE,58,1,1,1,Credit card (automatic),71.1,4299.2,No
59,4003-FUSHP,19,1,0,1,Credit card (automatic),61.55,1093.2,No
60,0356-ERHVT,11,1,0,1,Bank transfer (automatic),45.9,521.9,No
61,7325-ENZFI,39,0,1,1,Bank transfer (automatic),40.3,1630.4,No
62,4884-ZTHVF,8,1,0,1,Electronic check,87.1,713.6,No
63,3920-HIHMQ,26,1,0,1,Mailed check,49.5,1265.65,No
64,3055-OYMSE,53,1,0,1,Credit card (automatic),73.8,4003.85,No
65,0613-WUXUM,70,1,2,1,Mailed check,19.2,1401.4,No
66,7568-PODML,1,0,0,1,Mailed check,45.3,45.3,Yes
67,4458-KVRBJ,59,1,2,0,Mailed check,25,1510.5,No
68,5349-IECLD,2,1,0,0,Electronic check,94.95,178.1,Yes
69,1397-XKKWR,7,0,1,0,Mailed check,35.3,264.8,No
70,3945-GFWQL,12,1,0,1,Electronic check,44.55,480.6,Yes
71,8097-OMULG,59,1,1,0,Credit card (automatic),76.75,4541.9,No
72,6013-BHCAW,61,1,2,1,Bank transfer (automatic),81,4976.15,No
73,0401-WDBXM,72,1,2,1,Bank transfer (automatic),105.55,7542.25,No
74,3387-PLKUI,13,1,0,0,Mailed check,18.8,251.25,No
75,6096-EGVTU,64,1,1,0,Mailed check,24.9,1595.5,No
76,3797-VTIDR,1,0,0,1,Electronic check,23.45,23.45,Yes
77,5081-NWSUP,10,1,1,0,Mailed check,64.9,685.55,No
78,2580-ATZSQ,65,1,1,0,Bank transfer (automatic),61.35,3874.1,No
79,8085-MSNLK,62,1,2,0,Mailed check,113.95,6891.4,No
80,9691-HKOVS,55,1,1,1,Electronic check,90.15,4916.95,No
81,9881-VCZEP,25,1,0,0,Electronic check,54.1,1373,No
82,9526-BIHHD,1,0,0,0,Mailed check,29.7,29.7,Yes
83,8757-TFHHJ,1,1,0,1,Credit card (automatic),49.8,49.8,No
84,4523-WXCEF,59,1,0,0,Electronic check,101.1,6039.9,Yes
85,1468-DEFNC,64,1,2,1,Bank transfer (automatic),24.4,1548.65,No
86,5119-KEPFY,36,1,0,1,Bank transfer (automatic),95,3440.25,No
87,8364-TRMMK,3,1,0,1,Mailed check,50.65,151.3,Yes
88,0916-KNFAJ,61,1,2,1,Mailed check,69.9,4226.7,No
89,8319-QBEHW,26,0,1,1,Bank transfer (automatic),39.95,1023.75,No
90,3063-QFSZL,1,1,0,1,Electronic check,55.4,55.4,Yes
91,8775-LHDJH,1,1,0,1,Electronic check,90.6,90.6,Yes
92,9625-QNLUX,68,1,2,1,Credit card (automatic),103.25,7074.4,No
93,3097-NQYSN,2,1,0,1,Mailed check,86.85,156.35,Yes
94,4024-CSNBY,72,1,2,1,Bank transfer (automatic),94.25,6849.75,No
95,7110-BDTWG,71,0,2,1,Electronic check,47.05,3263.6,No
96,7493-GVFIO,57,1,2,0,Credit card (automatic),20.55,1252.85,No
97,0690-SRQID,4,1,0,1,Mailed check,19.65,67.55,No
98,9605-WGJVW,1,1,0,1,Electronic check,70.2,70.2,No
99,9114-DPSIA,72,1,2,0,Credit card (automatic),81,5750,No
100,4700-UBQMV,21,1,1,1,Bank transfer (automatic),75.9,1549.75,No
101,7711-GQBZC,71,1,2,0,Bank transfer (automatic),24.7,1810.55,No
102,3565-UNOCC,29,1,0,1,Bank transfer (automatic),99.05,2952.85,Yes
103,4627-MIHJH,69,1,2,0,Credit card (automatic),110.25,7467.55,No
104,9795-NREXC,64,1,2,1,Credit card (automatic),85,5484.4,No
105,8573-CGOCC,16,1,0,0,Credit card (automatic),19.75,294.9,No
106,7356-AYNJP,4,1,1,0,Electronic check,23.9,97.5,No
107,9249-FXSCK,52,1,1,1,Credit card (automatic),111.25,5916.45,Yes
108,5493-SDRDQ,2,1,0,1,Mailed check,55.1,113.35,Yes
109,6286-SUUWT,1,1,0,0,Mailed check,19.95,19.95,No
110,4819-HJPIW,18,0,0,0,Mailed check,25.15,476.8,No
111,8654-DHAOW,2,1,0,0,Mailed check,54.15,101.65,No
112,5438-QMDDL,19,1,0,1,Mailed check,59.8,1130.85,No
113,9812-GHVRI,40,1,0,0,Bank transfer (automatic),83.85,3532.25,No
114,5553-AOINX,66,1,1,1,Electronic check,104.9,6891.45,No
115,1228-ZLNBX,21,1,0,0,Mailed check,75.3,1570.7,No
116,4226-KKDON,8,1,0,1,Electronic check,66.65,520.95,No
117,3831-YCPUO,72,1,2,1,Credit card (automatic),109.5,7854.9,No
118,7445-WMRBW,48,1,1,1,Bank transfer (automatic),73.85,3581.4,No
119,3308-DGHKL,69,1,2,1,Bank transfer (automatic),19.3,1447.9,No
120,9924-JPRMC,72,1,2,1,Electronic check,118.2,8547.15,No
121,0080-EMYVY,14,1,1,0,Credit card (automatic),51.45,727.85,No
122,6218-KNUBD,6,1,0,0,Electronic check,59.45,357.6,No
123,7337-CINUD,8,1,2,0,Bank transfer (automatic),19.5,159.35,No
124,7609-NRNCA,17,1,1,0,Mailed check,19.55,280.85,No
125,0623-EJQEG,65,1,1,0,Electronic check,93.55,6069.25,No
126,7153-CHRBV,57,1,1,1,Mailed check,59.3,3274.35,No
127,0871-URUWO,13,1,0,1,Credit card (automatic),102.25,1359,Yes
128,9190-MFJLN,19,1,0,1,Credit card (automatic),95.9,1777.9,Yes
129,6198-PNNSZ,56,1,1,0,Bank transfer (automatic),109.8,6109.65,No
130,3317-VLGQT,14,1,0,1,Electronic check,78.1,1122.4,No
131,4132-POCZS,52,0,0,1,Electronic check,39.9,2020.9,No
132,5614-DNZCE,58,1,2,1,Credit card (automatic),64.9,3795.45,No
133,1095-JUDTC,47,1,0,1,Electronic check,95.05,4504.55,Yes
134,3896-RCYYE,67,0,0,1,Credit card (automatic),53.4,3579.15,No
135,9638-JIQYA,2,0,0,1,Credit card (automatic),24.9,49.7,No
136,3258-SANFR,6,1,0,0,Credit card (automatic),44.7,276.5,No
137,3726-TBHQT,71,1,2,1,Bank transfer (automatic),114,8175.9,No
138,3190-ITQXP,46,1,2,0,Bank transfer (automatic),20.25,890.35,No
139,0870-VEMYL,5,1,0,0,Credit card (automatic),53.85,259.8,Yes
140,4833-QTJNO,67,1,0,0,Bank transfer (automatic),83.85,5588.8,No
141,3039-MJSLN,3,1,0,0,Bank transfer (automatic),20.2,50.6,No
142,0178-CIIKR,3,1,0,0,Mailed check,19.95,58,No
143,5385-SUIRI,52,1,0,1,Electronic check,104.2,5568.35,Yes
144,3982-XWFZQ,42,1,0,1,Electronic check,50.25,2203.65,Yes
145,5774-QPLTF,50,1,1,1,Mailed check,20.35,938.95,No
146,2322-VCZHZ,23,1,0,1,Electronic check,90,2024.1,No
147,5010-IPEAQ,67,0,2,0,Credit card (automatic),54.2,3623.95,No
148,4009-ALQFH,25,1,0,1,Electronic check,99.5,2369.05,Yes
149,6383-ZTSIW,39,1,1,0,Mailed check,99.1,3877.95,No
150,8990-YOZLV,69,1,2,1,Mailed check,66.9,4577.9,No
151,3069-SSVSN,1,0,1,0,Mailed check,25.85,25.85,No
152,5222-IMUKT,32,1,0,0,Electronic check,91.05,2871.5,No
153,3627-FCRDW,9,1,0,0,Electronic check,71,672.55,Yes
154,7562-GSUHK,16,1,0,1,Credit card (automatic),93.2,1573.7,Yes
155,6685-XSHHU,60,1,2,1,Bank transfer (automatic),20.95,1270.55,No
156,8901-UPRHR,72,1,2,1,Bank transfer (automatic),109.2,7711.45,No
157,4903-UYAVB,5,1,0,0,Mailed check,19.35,126.05,Yes
158,0118-JPNOY,26,1,0,1,Credit card (automatic),85.8,2193.65,No
159,6776-TLWOI,3,1,0,0,Mailed check,19.85,64.55,Yes
160,3845-FXCYS,2,1,0,1,Electronic check,19.65,31.2,No
161,5857-XRECV,2,1,1,0,Bank transfer (automatic),20.5,38.25,No
162,0725-CXOTM,36,1,1,1,Credit card (automatic),89.65,3348.1,No
163,4343-EJVQB,7,1,0,0,Mailed check,74.35,533.6,No
164,9000-PLFUZ,60,0,2,1,Credit card (automatic),49.45,2907.55,No
165,3427-GGZZI,19,1,0,1,Electronic check,89.1,1620.8,No
166,7779-ORAEL,45,1,2,0,Credit card (automatic),75.15,3480.35,No
167,0644-OQMDK,4,1,0,1,Electronic check,70.65,293.85,No
168,4077-CROMM,31,1,0,1,Electronic check,104.2,3243.45,Yes
169,3154-CFSZG,47,1,0,0,Electronic check,90.05,4137.2,No
170,2868-MZAGQ,1,1,0,1,Electronic check,79.25,79.25,Yes
171,4847-QNOKA,1,1,0,1,Bank transfer (automatic),44.9,44.9,Yes
172,2220-IAHLS,1,1,0,0,Credit card (automatic),19.4,19.4,No
173,1658-XUHBX,59,1,0,1,Credit card (automatic),88.75,5348.65,No
174,6379-RXJRQ,10,1,0,1,Electronic check,70.1,659.65,Yes
175,2378-HTWFW,35,1,0,0,Credit card (automatic),91,3180.5,No
176,8650-RHRKE,4,0,0,1,Electronic check,29.65,118.5,Yes
177,4377-VDHYI,32,1,1,1,Electronic check,90.8,3023.85,No
178,0475-RIJEP,43,1,0,1,Electronic check,77.85,3365.85,Yes
179,1260-TTRXI,4,1,0,0,Electronic check,54.3,195.3,Yes
180,3719-TDVQB,54,1,2,1,Mailed check,18.95,1031.1,No
181,6328-ZPBGN,11,1,0,1,Bank transfer (automatic),95.15,997.65,Yes
182,0201-MIBOL,66,1,2,1,Bank transfer (automatic),102.4,6471.85,No
183,4937-QPZPO,61,1,1,1,Electronic check,99.9,6241.35,No
184,2925-VDZHY,72,1,2,0,Credit card (automatic),88.7,6501.35,No
185,6981-TDRFT,44,0,1,1,Electronic check,54.3,2317.1,No
186,3413-CSSTH,41,1,0,1,Bank transfer (automatic),55.7,2237.55,No
187,8033-VCZGH,50,1,1,1,Electronic check,103.95,5231.3,No
188,4789-KWMXN,47,1,1,1,Credit card (automatic),110.85,5275.8,Yes
189,0224-NIJLP,8,1,2,0,Mailed check,20.15,165.5,No
190,7542-CYDDM,18,1,0,0,Mailed check,20.05,358.5,No
191,4718-WXBGI,72,1,2,1,Credit card (automatic),91.95,6614.9,No
192,2867-UIMSS,1,1,0,0,Electronic check,80.5,80.5,Yes
193,8495-PRWFH,42,1,0,0,Electronic check,55.65,2421.75,No
194,0439-IFYUN,18,1,0,1,Electronic check,74.7,1294.6,No
195,5716-LIBJC,13,1,1,1,Credit card (automatic),104.15,1299.1,No
196,2868-LLSKM,68,1,1,1,Bank transfer (automatic),83.65,5733.4,No
197,8111-RKSPX,4,1,0,1,Bank transfer (automatic),72.2,305.55,Yes
198,2988-QRAJY,69,1,2,1,Credit card (automatic),110.05,7430.75,No
199,1585-MQSSU,17,1,0,0,Mailed check,51.5,900.5,Yes
200,0071-NDAFP,25,1,2,0,Credit card (automatic),25.5,630.6,No
201,2856-NNASM,43,1,0,1,Mailed check,89.55,3856.75,Yes
202,7328-ZJAJO,59,1,2,0,Credit card (automatic),19.5,1222.65,No
203,6458-CYIDZ,5,1,0,0,Electronic check,80.7,374.8,No
204,8559-CIZFV,21,1,1,0,Mailed check,77.5,1625,Yes
205,1090-PYKCI,69,1,1,1,Credit card (automatic),105.1,7234.8,No
206,3058-WQDRE,13,0,0,1,Bank transfer (automatic),25.15,331.85,No
207,7547-EKNFS,42,1,0,1,Bank transfer (automatic),95.25,3959.35,Yes
208,2279-AXJJK,52,1,0,1,Credit card (automatic),95.65,5088.4,No
209,6769-DYBQN,46,1,0,0,Electronic check,85,3969.4,Yes
210,0909-SELIE,61,1,2,1,Bank transfer (automatic),80.8,4860.85,No
211,3417-TSCIC,29,0,1,1,Mailed check,24.85,788.05,No
212,1042-HFUCW,25,1,1,1,Credit card (automatic),54.75,1266.35,No
213,4439-JMPMT,5,1,0,1,Electronic check,85.75,470.95,Yes
214,6537-OTKMY,15,0,1,0,Electronic check,50.75,688.2,No
215,8999-EXMNO,19,1,2,0,Mailed check,20.15,387.7,No
216,6725-TPKJO,44,1,2,0,Mailed check,20.05,845.25,No
217,2446-BEGGB,6,1,0,1,Electronic check,98.25,560.6,Yes
218,7162-WPHPM,58,1,2,0,Credit card (automatic),71.6,4230.25,No
219,1599-MMYRQ,62,1,1,1,Credit card (automatic),81.45,4983.05,No
220,8821-KVZKQ,70,0,1,1,Bank transfer (automatic),58.4,4113.15,No
221,1496-GGSUK,1,0,0,1,Mailed check,25.7,25.7,Yes
222,6434-TTGJP,10,0,2,0,Credit card (automatic),53.7,521,No
223,0042-JVWOJ,26,1,1,1,Bank transfer (automatic),19.6,471.85,No
224,0130-SXOUN,66,1,0,0,Credit card (automatic),89.4,5976.9,No
225,2575-GFSOE,7,1,0,1,Electronic check,69,506.9,Yes
226,2330-PQGDQ,51,1,1,0,Bank transfer (automatic),84.2,4299.75,No
227,1452-UZOSF,72,1,2,1,Credit card (automatic),106.1,7548.6,No
228,2097-YVPKN,65,1,2,0,Mailed check,25.75,1654.75,No
229,2842-JTCCU,2,1,0,0,Bank transfer (automatic),46.05,80.35,Yes
230,8597-CTXVJ,70,1,1,0,Bank transfer (automatic),64.95,4551.5,No
231,6631-HMANX,72,1,2,1,Credit card (automatic),85.45,6227.5,No
232,9962-BFPDU,1,1,0,0,Mailed check,20.05,20.05,No
233,3296-SILRA,1,1,0,1,Mailed check,76.4,76.4,Yes
234,9681-OXGVC,5,1,0,1,Electronic check,100.5,514,Yes
235,6394-HHHZM,3,1,0,0,Mailed check,20.7,57.5,No
236,5995-LFTLE,58,1,2,1,Credit card (automatic),25.3,1474.35,No
237,5180-UCIIQ,22,0,0,0,Mailed check,40.05,880.2,Yes
238,1932-UEDCX,33,1,0,1,Bank transfer (automatic),100.6,3270.25,No
239,7153-OANIO,1,1,0,0,Electronic check,69.95,69.95,Yes
240,5188-HGMLP,54,1,0,0,Bank transfer (automatic),74,3919.15,No
241,0665-XHDJU,72,1,2,1,Electronic check,99.4,7285.7,No
242,6521-YYTYI,1,1,0,1,Electronic check,93.3,93.3,Yes
243,8878-HMWBV,3,1,0,1,Electronic check,49.15,169.05,Yes
244,8265-HKSOW,72,1,2,0,Credit card (automatic),107.45,7658.3,No
245,3544-FBCAS,72,1,2,1,Credit card (automatic),83.6,5959.3,No
246,5331-RGMTT,54,1,0,1,Credit card (automatic),99.05,5295.7,No
247,4759-PXTAN,59,1,1,1,Electronic check,80.1,4693.2,No
248,7054-DMVAS,54,1,2,1,Bank transfer (automatic),65.3,3512.9,No
249,3428-MMGUB,60,1,2,1,Electronic check,89.55,5231.2,No
250,6549-BTYPG,60,0,2,0,Credit card (automatic),60.8,3603.45,No
251,7823-JSOAG,3,1,0,0,Electronic check,74.5,217.45,No
252,3705-RHRFR,69,1,2,0,Bank transfer (automatic),99.15,6875.35,No
253,9374-YOLBJ,1,1,0,0,Electronic check,19.25,19.25,No
254,9074-KGVOX,50,0,0,1,Credit card (automatic),39.45,2021.35,No
255,6128-DAFVY,56,0,0,1,Credit card (automatic),44.85,2564.95,No
256,9933-QRGTX,60,1,2,1,Electronic check,97.2,5611.75,No
257,4476-OSWTN,69,1,1,1,Mailed check,110.55,7610.1,No
258,3751-KTZEL,1,0,0,0,Mailed check,35.05,35.05,Yes
259,1977-STDKI,1,1,0,1,Electronic check,73,73,Yes
260,5066-GFJMM,3,1,0,1,Mailed check,19.9,45.75,No
261,2661-GKBTK,60,1,2,0,Bank transfer (automatic),76.95,4543.95,No
262,0458-HEUZG,13,0,2,0,Mailed check,35.4,450.4,No
263,7268-WNTCP,62,1,2,0,Bank transfer (automatic),20.45,1297.35,No
264,0824-VWDPO,45,1,1,0,Bank transfer (automatic),96.75,4442.75,No
265,8409-WQJUX,25,0,1,0,Electronic check,54.2,1423.15,No
266,2578-JQPHZ,44,1,2,0,Bank transfer (automatic),100.1,4378.35,No
267,3278-FSIXX,2,1,0,1,Mailed check,45.25,74.2,No
268,5813-UECBU,33,1,0,1,Credit card (automatic),83.85,2716.3,Yes
269,0328-GRPMV,1,1,0,1,Electronic check,70.1,70.1,Yes
270,9746-UGFAC,22,1,1,0,Bank transfer (automatic),20.85,450.65,No
271,2946-KIQSP,35,0,0,1,Mailed check,33.45,1175.85,No
272,0625-AFOHS,29,1,2,0,Mailed check,20.2,558.8,No
273,6726-WEXXK,27,1,1,1,Electronic check,85.9,2220.1,No
274,4636-OLWOE,54,1,1,1,Electronic check,61,3283.05,No
275,4342-HENTK,2,1,0,1,Electronic check,70.65,142.35,Yes
276,4685-ERGHK,57,1,1,1,Electronic check,86.9,4939.25,No
277,0885-HMGPY,62,1,2,0,Bank transfer (automatic),69.4,4237.5,No
278,5003-OKNNK,15,1,1,0,Credit card (automatic),20.35,335.95,No
279,4195-SMMNX,2,1,0,0,Mailed check,20.35,33.2,Yes
280,7208-PSIHR,70,1,2,1,Bank transfer (automatic),104.3,7188.5,No
281,4012-ZTHBR,21,1,0,1,Electronic check,44.95,926.25,No
282,0489-WMEMG,23,1,1,1,Electronic check,49.45,1119.35,No
283,7435-ZNUYY,6,1,1,0,Mailed check,20.6,116.6,No
284,1354-YZFNB,4,1,2,0,Credit card (automatic),19.55,68.8,No
285,6956-SMUCM,3,1,0,1,Credit card (automatic),99,287.4,Yes
286,2985-FMWYF,23,1,0,1,Electronic check,93.5,2341.55,No
287,2812-ENYMO,26,0,1,0,Credit card (automatic),54.55,1362.85,No
288,2717-HVIZY,8,1,0,0,Mailed check,20.05,163.6,No
289,3223-WZWJM,26,1,0,1,Electronic check,83.95,2254.2,Yes
290,3422-GALYP,2,1,0,1,Electronic check,79.45,145.15,No
291,9053-JZFKV,67,1,2,0,Credit card (automatic),116.2,7752.3,Yes
292,2530-ENDWQ,71,1,2,1,Bank transfer (automatic),93.7,6585.35,Yes
293,2890-WFBHU,59,1,1,0,Credit card (automatic),79.85,4786.1,No
294,0327-WFZSY,39,1,1,0,Electronic check,100,3835.55,No
295,7977-HXJKU,21,1,2,0,Mailed check,19.6,397,No
296,6615-ZGEDR,1,1,0,0,Mailed check,19.7,19.7,Yes
297,7033-CLAMM,48,1,2,0,Bank transfer (automatic),20.2,1027.25,No
298,4023-RTIQM,31,0,1,1,Credit card (automatic),50.4,1580.1,No
299,0864-FVJNJ,64,1,1,0,Electronic check,113.35,7222.75,No
300,7356-IWLFW,46,1,0,1,Bank transfer (automatic),80,3769.7,No
301,9541-PWTWO,52,1,2,1,Bank transfer (automatic),80.95,4233.95,No
302,3967-VQOGC,67,1,2,1,Mailed check,24.9,1680.25,No
303,7872-RDDLZ,67,1,0,0,Electronic check,54.9,3725.5,No
304,9250-WYPLL,5,1,0,0,Electronic check,75.55,413.65,Yes
305,6308-CQRBU,71,1,2,0,Electronic check,109.25,7707.7,No
306,2754-XBHTB,9,1,0,1,Bank transfer (automatic),77.65,714.15,Yes
307,1597-LHYNC,26,1,0,1,Electronic check,95,2497.2,Yes
308,0186-CAERR,71,1,1,1,Bank transfer (automatic),116.3,8309.55,No
309,3043-SUDUA,32,1,0,0,Bank transfer (automatic),19.9,601.55,No
310,5442-BHQNG,2,1,0,0,Electronic check,70.35,139.25,No
311,2169-RRLFW,71,1,2,0,Credit card (automatic),25.6,1888.25,No
312,5872-OEQNH,60,0,1,1,Electronic check,44.45,2773.9,No
313,3162-KKZXO,55,1,1,1,Electronic check,100.15,5409.75,No
314,7055-VKGDA,54,1,1,1,Credit card (automatic),105.4,5643.4,Yes
315,0754-UKWQP,2,1,0,1,Electronic check,95.85,197.7,Yes
316,8873-GLDMH,6,1,0,1,Mailed check,73.85,401.3,No
317,5696-JVVQY,48,1,2,1,Credit card (automatic),70.1,3238.4,No
318,8946-BFWSG,63,1,2,0,Mailed check,25.25,1573.05,No
319,7493-TPUWZ,1,1,0,1,Electronic check,79.15,79.15,Yes
320,0547-HURJB,12,1,0,0,Credit card (automatic),21.05,235.8,No
321,8904-OPDCK,54,0,0,1,Bank transfer (automatic),24.95,1364.75,No
322,8845-LWKGE,30,1,1,1,Electronic check,64.5,1985.15,No
323,1577-HKTFG,30,1,0,0,Bank transfer (automatic),19.65,655.85,Yes
324,8752-STIVR,4,1,0,1,Electronic check,79,303.15,Yes
325,0691-NIKRI,40,1,1,1,Credit card (automatic),105.95,4335.2,No
326,5022-JNQEQ,9,1,0,1,Electronic check,75.85,647.5,No
327,4558-FANTW,17,1,0,0,Electronic check,91.85,1574.45,Yes
328,3249-VHRIP,62,0,2,1,Credit card (automatic),43.6,2748.7,No
329,3736-BLEPA,28,1,1,1,Bank transfer (automatic),91.25,2483.65,No
330,4701-LKOZD,70,1,2,0,Credit card (automatic),89.75,6367.2,No
331,6603-QWSPR,46,1,2,1,Bank transfer (automatic),104.4,4904.2,No
332,9921-QFQUL,23,1,0,0,Mailed check,90.15,2044.95,No
333,1929-ZCBHE,47,0,1,0,Electronic check,40.3,1794.8,No
334,4378-MYPGO,68,1,2,1,Bank transfer (automatic),105.25,7173.15,No
335,8651-ENBZX,60,1,1,1,Electronic check,106,6441.4,Yes
336,4129-LYCOI,67,1,2,1,Electronic check,104,7039.05,No
337,7798-JVXYM,14,1,0,1,Electronic check,69.65,921.4,No
338,8647-SDTWQ,57,1,0,1,Electronic check,74.3,4018.35,No
339,2696-ECXKC,55,1,1,0,Mailed check,100.9,5448.6,No
340,2081-KJSQF,1,1,0,1,Mailed check,20.25,20.25,No
341,7623-TRNQN,1,1,0,1,Mailed check,49.9,49.9,Yes
342,3323-CPBWR,23,1,0,1,Credit card (automatic),96.9,2085.45,No
343,9330-IJWIO,13,1,0,1,Electronic check,100.35,1358.85,Yes
344,3384-CTMSF,47,1,0,1,Electronic check,104.1,5135.15,No
345,0902-RFHOF,38,1,1,0,Mailed check,20.1,730.1,No
346,9286-DOJGF,38,1,0,1,Bank transfer (automatic),74.95,2869.85,Yes
347,6048-QBXKL,2,1,0,1,Credit card (automatic),56.55,118.25,No
348,9661-MHUMO,1,1,0,1,Credit card (automatic),49.25,49.25,Yes
349,7718-RXDGG,15,1,0,1,Bank transfer (automatic),68.6,1108.6,No
350,1025-FALIX,26,1,0,1,Credit card (automatic),69.05,1815.65,No
351,3451-VAWLI,35,1,2,0,Credit card (automatic),19.7,730.4,No
352,3407-QGWLG,3,1,0,1,Mailed check,20.05,75.45,No
353,1842-EZJMK,50,1,0,0,Electronic check,103.7,5071.05,Yes
354,2347-WKKAE,42,1,0,1,Electronic check,94.4,4014.6,No
355,8735-DCXNF,10,1,0,1,Credit card (automatic),54.95,568.85,No
356,3214-IYUUQ,61,1,1,0,Bank transfer (automatic),93.7,5860.7,No
357,1936-UAFEH,68,1,2,0,Credit card (automatic),110.25,7279.35,No
358,3587-PMCOY,10,1,1,1,Electronic check,98.9,1064.95,No
359,8079-XRJRS,65,1,1,0,Electronic check,89.75,5769.6,Yes
360,1027-LKKQQ,72,1,2,1,Bank transfer (automatic),80.45,5886.85,No
361,7148-XZPHA,55,1,0,0,Electronic check,79.4,4238.45,No
362,8073-IJDCM,1,1,0,1,Mailed check,20.3,20.3,Yes
363,5309-TAIKL,7,1,0,0,Bank transfer (automatic),62.8,418.3,No
364,6856-RAURS,2,1,0,1,Mailed check,74.9,136.05,No
365,8778-LMWTJ,9,1,0,1,Electronic check,74.85,708.2,No
366,9717-IOAAF,27,1,2,1,Credit card (automatic),25.85,788.55,No
367,8884-ADFVN,7,1,0,1,Electronic check,101.95,700.85,Yes
368,2845-KDHVX,64,1,2,1,Mailed check,68.3,4378.8,No
369,0848-SOMKO,70,0,2,0,Bank transfer (automatic),48.4,3442.8,No
370,2720-WGKHP,2,1,0,1,Electronic check,94,181.7,Yes
371,6734-FQAJX,67,1,2,1,Electronic check,105.05,7171.7,No
372,2869-ADAWR,45,1,0,1,Credit card (automatic),89.3,4016.85,Yes
373,1535-VTJOQ,24,1,2,0,Credit card (automatic),25.15,553,No
374,6368-TZZDT,4,1,2,0,Credit card (automatic),19.5,96.85,No
375,0943-ZQPXH,44,1,0,1,Bank transfer (automatic),92.95,4122.9,No
376,1293-BSEUN,72,1,2,1,Mailed check,20.7,1482.3,No
377,9894-EZEWG,1,1,0,1,Credit card (automatic),74.3,74.3,Yes
378,1302-TPUBN,66,1,2,0,Bank transfer (automatic),19.35,1240.8,No
379,7851-FLGGQ,1,0,0,1,Mailed check,44.65,44.65,Yes
380,0637-UBJRP,13,1,0,0,Electronic check,84.05,1095.3,Yes
381,0940-OUQEC,10,1,0,1,Bank transfer (automatic),80.7,788.8,Yes
382,2378-VTKDH,65,1,0,1,Electronic check,104.35,6578.55,No
383,0927-CNGRH,1,1,0,0,Mailed check,19.55,19.55,No
384,8608-OZTLB,38,1,1,0,Electronic check,74.05,2802.3,No
385,2335-GSODA,23,0,2,0,Mailed check,40.1,857.75,No
386,1952-DVVSW,10,1,1,0,Mailed check,20.1,184.4,No
387,0702-PGIBZ,4,1,0,1,Electronic check,101.7,364.55,Yes
388,6656-GULJQ,72,1,2,1,Credit card (automatic),83.55,6093.3,No
389,9853-JFZDU,35,1,0,0,Electronic check,56.85,1861.1,No
390,1963-VAUKV,1,1,0,0,Mailed check,20.4,20.4,Yes
391,3777-XROBG,58,1,2,0,Credit card (automatic),19.55,1079.65,No
392,6994-FGRHH,70,1,1,1,Electronic check,106.15,7475.1,No
393,4000-VGMQP,38,1,1,0,Credit card (automatic),78.95,2862.55,No
394,3999-WRNGR,60,0,0,1,Electronic check,49.75,3069.45,No
395,3466-RITXD,26,1,0,1,Credit card (automatic),92.4,2349.8,No
396,2680-XKKNJ,8,1,1,0,Bank transfer (automatic),58.2,469.25,No
397,3058-HJCUY,41,1,1,1,Electronic check,102.6,4213.35,Yes
398,2974-GGUXS,36,1,0,1,Credit card (automatic),91.95,3301.05,No
399,7994-XIRTR,54,1,1,0,Bank transfer (automatic),65.25,3529.95,No
400,3259-FDWOY,71,1,2,1,Bank transfer (automatic),106,7723.7,Yes
401,2101-RANCD,55,1,0,1,Electronic check,73.1,4144.9,No
402,7921-BEPCI,72,1,2,0,Bank transfer (automatic),59.75,4265,No
403,0807-ZABDG,3,1,0,1,Mailed check,55.1,154.65,Yes
404,8510-TMWYB,54,1,2,1,Bank transfer (automatic),59.8,3246.45,No
405,3258-ZKPAI,72,1,2,1,Bank transfer (automatic),116.6,8337.45,No
406,1428-IEDPR,52,1,2,1,Electronic check,109.3,5731.4,No
407,5298-GSTLM,60,1,1,1,Bank transfer (automatic),101.4,6176.6,No
408,4450-YOOHP,39,0,0,1,Credit card (automatic),50.65,1905.4,No
409,6728-CZFEI,15,1,1,0,Mailed check,56.15,931.9,No
410,5748-RNCJT,69,1,2,1,Bank transfer (automatic),106.5,7348.8,Yes
411,3653-NCRDJ,43,1,1,1,Mailed check,19.2,776.25,No
412,6121-TNHBO,63,1,1,0,Bank transfer (automatic),83,5243.05,No
413,5119-NZPTV,2,1,0,0,Electronic check,70.1,141.65,No
414,6519-ZHPXP,72,1,2,1,Bank transfer (automatic),108.3,7679.65,No
415,7739-LAXOG,32,1,0,1,Bank transfer (automatic),91.05,2954.5,Yes
416,3472-QPRCH,40,1,2,0,Credit card (automatic),25.25,1006.9,No
417,8224-UAXBZ,58,0,1,1,Electronic check,45.35,2540.1,No
418,9610-WCESF,67,0,2,0,Electronic check,43.9,3097.2,No
419,9776-CLUJA,51,1,0,1,Electronic check,77.5,3807.35,Yes
420,2486-WYVVE,31,1,1,1,Mailed check,79.3,2484,No
421,3865-ZYKAD,69,1,0,1,Credit card (automatic),84.9,5785.65,No
422,1422-DGUBX,32,1,1,1,Electronic check,79.25,2619.15,No
423,2999-AANRQ,21,1,2,0,Credit card (automatic),71.05,1524.85,No
424,8668-KNZTI,52,1,1,0,Electronic check,53.75,2790.65,No
425,0480-KYJVA,72,1,2,0,Credit card (automatic),24.25,1784.5,No
426,6034-ZRYCV,72,0,2,1,Electronic check,54.2,3937.45,Yes
427,9746-YKGXB,52,0,1,0,Bank transfer (automatic),44.25,2276.1,No
428,3926-YZVVX,41,1,1,0,Bank transfer (automatic),50.05,2029.05,No
429,6000-UKLWI,41,1,2,0,Mailed check,20.15,802.35,No
430,2079-FBMZK,6,1,0,1,Mailed check,69.25,418.4,Yes
431,6332-FBZRI,67,1,1,1,Credit card (automatic),69.35,4653.25,No
432,2096-XOTMO,16,1,0,0,Mailed check,19.35,275.9,No
433,3266-FTKHB,17,1,2,0,Mailed check,19.15,343.45,No
434,8221-EQDGL,35,1,0,0,Mailed check,61,2130.45,No
435,2346-LOCWC,58,1,2,0,Credit card (automatic),20.5,1191.4,No
436,6608-QQLVK,1,1,0,1,Electronic check,50.5,50.5,Yes
437,0298-XACET,52,0,2,0,Mailed check,50.2,2554,No
438,7560-QJAVJ,70,1,2,0,Bank transfer (automatic),79.6,5589.45,No
439,2995-YWTCD,19,1,2,1,Bank transfer (automatic),24.9,467.7,No
440,3551-HUAZH,1,1,0,1,Electronic check,74.4,74.4,Yes
441,9137-UIYPG,35,1,0,1,Electronic check,106.9,3756.45,No
442,2809-ZMYOQ,32,1,0,1,Electronic check,101.35,3334.9,No
443,5084-OOVCJ,17,1,0,1,Credit card (automatic),55.35,920.5,No
444,0254-WWRKD,67,1,1,0,Credit card (automatic),50.55,3431.75,No
445,7727-SHVZV,9,1,0,0,Bank transfer (automatic),19.5,150.35,No
446,6302-JGYRJ,31,1,1,1,Mailed check,79.45,2587.7,Yes
447,5339-PXDVH,4,1,0,0,Electronic check,90.65,367.95,No
448,2205-LPVGL,58,1,1,1,Bank transfer (automatic),89.85,5125.75,No
449,8782-NUUOL,60,1,1,0,Mailed check,79,4801.1,No
450,3685-YLCMQ,58,1,1,1,Electronic check,104.65,6219.6,Yes
451,7601-WFVZV,1,1,0,0,Mailed check,19.55,19.55,No
452,4609-KNNWG,27,1,2,0,Mailed check,19.9,550.1,No
453,4868-AADLV,66,1,1,1,Electronic check,116.25,7862.25,No
454,9529-OFXHY,15,1,0,1,Bank transfer (automatic),87.75,1242.2,No
455,8634-MPHTR,47,1,0,1,Electronic check,100.05,4871.05,Yes
456,2669-QVCRG,41,1,0,1,Credit card (automatic),81.3,3190.65,No
457,2478-EEWWM,59,0,0,1,Electronic check,44.3,2666.75,No
458,9174-IHETN,50,1,2,0,Credit card (automatic),70.35,3533.6,No
459,2233-TXSIU,17,0,1,0,Credit card (automatic),44.45,792.15,No
460,9644-UMGQA,6,1,0,1,Electronic check,49.15,295.65,No
461,3256-EZDBI,51,0,0,1,Credit card (automatic),29.45,1459.35,No
462,8761-NSOBC,44,1,0,0,Electronic check,100.55,4398.15,Yes
463,0419-YAAPX,49,1,0,1,Credit card (automatic),85.3,4297.95,No
464,8413-VONUO,2,1,0,0,Electronic check,95.65,167.3,Yes
465,0872-CASZJ,59,1,1,1,Mailed check,69.1,4096.9,No
466,4726-DLWQN,50,1,0,1,Bank transfer (automatic),70.35,3454.6,No
467,8164-OCKUJ,59,1,2,0,Mailed check,20.6,1286,No
468,3094-JOJAI,18,1,0,0,Mailed check,74.15,1387,No
469,9494-MRNYX,10,1,0,0,Electronic check,75.05,786.3,No
470,2599-CZABP,14,1,1,0,Electronic check,44.6,641.25,No
471,7945-PRBVF,35,1,2,0,Bank transfer (automatic),21.45,705.45,No
472,4544-RXFMG,8,1,1,1,Mailed check,43.45,345.5,No
473,0859-YGKFW,18,1,1,0,Bank transfer (automatic),20.05,345.9,No
474,1150-FTQGN,60,1,1,0,Bank transfer (automatic),94.15,5811.8,No
475,9223-UCPVT,1,1,0,0,Electronic check,94.4,94.4,Yes
476,7196-LIWRH,6,1,2,0,Mailed check,19.55,124.45,No
477,5448-VWNAM,19,1,0,1,Mailed check,75.9,1375.6,No
478,1177-XZBJL,53,1,1,0,Bank transfer (automatic),64.15,3491.55,No
479,3518-FSTWG,72,1,2,1,Bank transfer (automatic),109.55,7920.7,No
480,9330-VOFSZ,60,1,2,1,Credit card (automatic),110.8,6640.7,No
481,4351-QLCSU,1,1,0,1,Credit card (automatic),55,55,Yes
482,0939-EREMR,13,1,0,0,Mailed check,53.45,718.1,No
483,9389-ACWBI,5,1,0,0,Credit card (automatic),69.95,320.4,No
484,5419-JPRRN,1,1,0,1,Electronic check,101.45,101.45,Yes
485,3644-QXEHN,13,1,0,0,Electronic check,97,1334.45,No
486,2911-IJORQ,37,1,1,1,Bank transfer (automatic),90.6,3358.65,No
487,5921-NGYRH,64,1,0,1,Mailed check,73.55,4764,No
488,2100-BDNSN,5,1,0,0,Bank transfer (automatic),67.95,350.3,Yes
489,5998-DZLYR,61,1,2,1,Bank transfer (automatic),94.35,5703,No
490,0488-GSLFR,1,1,0,1,Electronic check,69.5,69.5,Yes
491,9318-NKNFC,1,1,0,1,Mailed check,18.85,18.85,Yes
492,3985-HOYPM,26,1,1,0,Mailed check,19.4,525.55,No
493,9728-FTTVZ,1,1,0,1,Electronic check,69.2,69.2,Yes
494,9548-LERKT,24,1,2,0,Mailed check,19.75,483.15,No
495,6576-FBXOJ,17,0,1,0,Electronic check,54.6,934.8,No
496,4310-KEDTB,26,0,0,1,Mailed check,29.8,786.5,No
497,7254-IQWOZ,1,1,0,1,Electronic check,69.65,69.65,Yes
498,2474-BRUCM,40,1,0,0,Electronic check,101.85,4086.3,Yes
499,4062-HBMOS,52,1,0,1,Electronic check,103.05,5364.8,No
500,0742-NXBGR,1,1,0,1,Electronic check,82.3,82.3,Yes
501,2676-ISHSF,1,1,0,0,Mailed check,20.3,20.3,No
502,9236-NDUCW,21,0,2,0,Mailed check,35.1,770.4,No
503,4753-PADAS,67,1,1,1,Bank transfer (automatic),105.7,6816.95,No
504,6103-QCKFX,44,1,0,0,Bank transfer (automatic),56.25,2419.55,No
505,7781-EWARA,70,0,1,0,Electronic check,60.35,4138.7,No
506,6110-OHIHY,3,1,0,0,Electronic check,79.25,267.6,Yes
507,7018-FPXHH,56,1,2,1,Bank transfer (automatic),59.8,3457.45,No
508,5889-LFOLL,13,1,0,1,Electronic check,84.6,1115.2,Yes
509,5708-EVONK,58,1,0,1,Bank transfer (automatic),93.4,5435.6,Yes
510,8708-XPXHZ,42,1,0,1,Electronic check,94.2,4186.3,Yes
511,0616-ATFGB,1,0,0,0,Electronic check,25.05,25.05,Yes
512,0572-ZJKLT,46,1,2,0,Mailed check,99.65,4630.2,No
513,5135-RDDQL,63,1,2,1,Bank transfer (automatic),50.65,3221.25,No
514,1353-LJWEM,11,1,0,1,Electronic check,60.9,688.5,No
515,1794-SWWKL,15,1,0,1,Bank transfer (automatic),59.65,867.1,No
516,6166-YIPFO,72,0,2,1,Electronic check,64.7,4746.05,No
517,7016-BPGEU,29,0,0,1,Credit card (automatic),25.1,712.85,Yes
518,6876-ADESB,1,1,0,0,Electronic check,48.95,48.95,Yes
519,9332-GYWLO,6,1,0,0,Electronic check,54.85,355.1,No
520,1963-SVUCV,1,1,0,0,Electronic check,45.3,45.3,Yes
521,4184-VODJZ,63,1,1,1,Electronic check,91.35,5764.7,No
522,0220-EBGCE,2,1,0,1,Electronic check,85.85,167.3,Yes
523,1092-WPIVQ,18,1,2,0,Mailed check,25.1,428.45,No
524,7233-IOQNP,43,0,0,0,Bank transfer (automatic),34,1505.35,No
525,2834-JKOOW,15,0,1,0,Mailed check,45.9,693.45,No
526,2754-VDLTR,10,1,0,0,Electronic check,95.2,930.4,Yes
527,2400-FEQME,55,1,2,0,Mailed check,20.5,1177.95,No
528,3190-XFANI,49,1,1,1,Bank transfer (automatic),100.6,5069.65,Yes
529,7551-DACSP,6,1,0,1,Mailed check,55.3,324.25,Yes
530,4957-SREEC,70,1,2,0,Credit card (automatic),20.35,1458.1,No
531,7235-NXZCP,2,1,0,1,Mailed check,74.85,156.4,Yes
532,0230-UBYPQ,63,0,1,0,Bank transfer (automatic),36.1,2298.9,No
533,4923-ADWXJ,25,1,0,1,Bank transfer (automatic),65.8,1679.65,No
534,1763-KUAAW,18,1,1,0,Bank transfer (automatic),20.35,369.6,No
535,1104-TNLZA,28,1,0,1,Electronic check,105.8,2998,No
536,5195-KPUNQ,53,1,1,1,Mailed check,96.75,5206.55,No
537,0520-FDVVT,35,1,1,1,Bank transfer (automatic),102.35,3626.1,Yes
538,3439-GVUSX,1,0,0,0,Mailed check,24.4,24.4,No
539,1444-VVSGW,70,1,1,0,Credit card (automatic),115.65,7968.85,Yes
540,5712-PTIWW,2,1,0,1,Electronic check,79.85,152.45,Yes
541,5949-HGVJL,26,1,0,1,Electronic check,73.05,1959.5,No
542,5203-XEHAX,34,1,1,0,Electronic check,64.35,2053.05,No
543,1635-HDGFT,19,1,2,0,Mailed check,20.5,398.55,No
544,3315-TOTBP,15,1,0,1,Mailed check,76,1130.85,Yes
545,8050-XGRVL,62,1,1,0,Credit card (automatic),54.75,3425.35,No
546,6661-HBGWL,42,1,0,1,Bank transfer (automatic),104.75,4323.45,Yes
547,1518-VOWAV,9,1,0,1,Electronic check,74.65,703.55,Yes
548,9828-QHFBK,24,1,0,1,Electronic check,51.15,1275.7,No
549,3908-MKIMJ,68,0,2,1,Electronic check,41.95,2965.75,No
550,5012-YSPJJ,31,1,0,0,Mailed check,54.35,1647,No
551,5909-ECHUI,1,1,0,1,Electronic check,56.25,56.25,Yes
552,1309-BXVOQ,21,1,0,1,Electronic check,106.1,2249.95,Yes
553,6728-VOIFY,63,1,1,1,Electronic check,96,6109.75,No
554,9317-WZPGV,2,1,0,1,Bank transfer (automatic),79.75,159.4,Yes
555,4891-NLUBA,61,0,2,1,Bank transfer (automatic),61.45,3751.15,No
556,2856-HYAPG,1,1,0,0,Electronic check,68.65,68.65,Yes
557,8969-PRHFK,18,1,1,0,Mailed check,19.65,411.25,No
558,0661-KQHNK,6,1,1,0,Credit card (automatic),19,105.5,No
559,8709-KRDVL,33,1,0,1,Electronic check,100,3320.6,No
560,4488-PSYCG,16,1,0,0,Bank transfer (automatic),20.25,327.45,Yes
561,1427-VERSM,56,1,0,1,Electronic check,98.7,5669.5,No
562,9801-NOSHQ,23,1,1,0,Mailed check,19.8,465.45,No
563,6339-YPSAH,9,1,0,1,Electronic check,73.8,704.3,No
564,3621-CEOVK,14,1,0,1,Electronic check,100.2,1369.8,Yes
565,6906-ANDWJ,15,1,0,1,Bank transfer (automatic),74.9,1107.25,Yes
566,2159-TURXX,5,1,0,0,Credit card (automatic),20.05,95.55,No
567,1548-FEHVL,61,1,0,1,Electronic check,106.2,6375.2,No
568,3795-CAWEX,70,1,2,1,Credit card (automatic),116.55,8152.3,No
569,6215-NQCPY,15,1,0,1,Electronic check,99.7,1566.75,No
570,5647-URDKA,8,1,2,0,Mailed check,19.7,130.25,No
571,2229-DPMBI,8,1,2,0,Mailed check,19.5,162.15,No
572,9626-WEQRM,4,0,0,1,Mailed check,29.15,110.05,No
573,2188-SXWVT,34,1,1,0,Mailed check,55,1885.15,No
574,6258-PVZWJ,68,1,2,1,Credit card (automatic),90.8,6302.85,No
575,1094-BKOSX,45,0,1,0,Bank transfer (automatic),51,2264.5,No
576,6969-MVBAI,9,1,0,1,Electronic check,90.1,816.8,No
577,2978-XXSOG,22,1,0,1,Mailed check,59.05,1253.5,No
578,2342-CKIAO,2,1,0,0,Mailed check,20.3,41.2,No
579,6953-PBDIN,70,1,2,0,Bank transfer (automatic),72.95,5265.55,No
580,3898-BSJYF,10,1,1,0,Credit card (automatic),73.55,693.3,No
581,3938-YFPXD,72,1,2,0,Credit card (automatic),84.3,5997.1,No
582,7696-AMHOD,49,1,1,0,Credit card (automatic),78,3824.2,No
583,2453-SAFNS,54,1,1,0,Mailed check,72.1,3886.05,No
584,9558-IHEZX,71,1,2,1,Credit card (automatic),106.75,7283.25,No
585,9617-UDPEU,22,1,1,1,Mailed check,19.25,412.55,No
586,6340-DACFT,50,1,2,0,Credit card (automatic),20.55,1070.25,No
587,4955-VCWBI,43,1,1,0,Mailed check,20,817.95,No
588,6813-GZQCG,45,1,2,1,Credit card (automatic),24.65,1171.3,No
589,7426-GSWPO,64,1,0,1,Bank transfer (automatic),103.5,6548.65,No
590,3389-KTRXV,23,1,2,0,Mailed check,23.85,625.65,No
591,3118-UHVVQ,68,1,2,0,Credit card (automatic),25.8,1911.5,No
592,1031-IIDEO,1,1,0,1,Electronic check,70.85,70.85,Yes
593,5832-XKAES,2,1,0,1,Credit card (automatic),69.8,134.7,Yes
594,3205-MXZRA,26,1,1,0,Credit card (automatic),59.45,1507,No
595,4701-AHWMW,55,0,0,1,Bank transfer (automatic),54.55,2978.3,Yes
596,8317-BVKSO,14,1,0,1,Electronic check,20.05,299.3,No
597,5702-KVQRD,71,1,2,1,Electronic check,82.55,5832.65,No
598,0083-PIVIK,64,1,1,0,Electronic check,81.25,5567.55,No
599,9210-IAHGH,7,1,0,1,Credit card (automatic),70.75,450.8,Yes
600,6169-PGNCD,57,1,2,1,Credit card (automatic),74.3,4166.35,No
601,0023-XUOPT,13,1,0,0,Electronic check,94.1,1215.6,Yes
602,4592-IWTJI,3,0,0,0,Credit card (automatic),29.7,91.7,Yes
603,4909-JOUPP,72,1,2,0,Credit card (automatic),109.7,7898.45,No
604,4657-FWVFY,40,1,0,1,Credit card (automatic),96.35,3915.4,No
605,2257-BOVXD,14,1,0,1,Credit card (automatic),66.6,979.5,No
606,7729-JTEEC,2,1,0,1,Electronic check,44.5,90.05,No
607,7632-MNYOY,66,1,1,0,Credit card (automatic),110.9,7432.05,Yes
608,6518-LGAOV,38,1,0,1,Electronic check,105,4026.4,Yes
609,7242-QZLXF,1,0,0,1,Electronic check,25.3,25.3,Yes
610,4576-CSAJH,22,1,1,1,Credit card (automatic),55.15,1193.05,Yes
611,1000-AJSLD,1,1,0,1,Mailed check,20.1,20.1,Yes
612,9696-RMYBA,5,1,0,1,Mailed check,80.1,398.55,No
613,8690-UPCZI,29,1,1,0,Bank transfer (automatic),69.05,1958.45,No
614,1062-LHZOD,1,1,0,1,Mailed check,69.9,69.9,Yes
615,9770-LXDBK,3,1,0,0,Mailed check,20.4,63.15,No
616,4086-WITJG,71,1,2,0,Credit card (automatic),19.7,1301.1,No
617,8344-WFMFH,9,1,0,1,Electronic check,50.1,484.05,No
618,9600-NAXZN,43,1,0,1,Electronic check,101.4,4528,Yes
619,8822-KNBHV,48,1,1,1,Credit card (automatic),83.45,3887.85,No
620,8404-FYDIB,26,1,0,1,Credit card (automatic),86.65,2208.75,No
621,2791-SFVEW,9,1,0,0,Bank transfer (automatic),20.15,238.15,No
622,6457-USBER,1,1,0,1,Electronic check,80.8,80.8,Yes
623,6762-NSODU,46,1,2,0,Credit card (automatic),19.4,958.15,No
624,4662-EKDPQ,2,1,0,0,Bank transfer (automatic),62.05,118.3,Yes
625,9248-OJYKK,1,1,0,1,Electronic check,76.45,76.45,Yes
626,9888-ZCUMM,64,0,2,1,Bank transfer (automatic),60.05,3845.45,No
627,3398-FSHON,12,1,0,1,Electronic check,91.3,1094.5,Yes
628,3319-DWOEP,6,1,0,1,Electronic check,95.75,573.75,Yes
629,1074-WVEVG,59,1,1,0,Mailed check,20.35,1267,No
630,9979-RGMZT,7,1,1,1,Mailed check,94.05,633.45,No
631,6437-UDQJM,72,1,2,1,Credit card (automatic),84.1,6129.65,No
632,1226-IENZN,16,1,0,1,Electronic check,78.75,1218.25,No
633,2108-GLPQB,25,1,0,0,Credit card (automatic),55.55,1405.3,No
634,9259-PACGQ,34,1,0,0,Electronic check,62.65,2274.9,Yes
635,4415-IJZTP,1,1,0,1,Electronic check,74.5,74.5,Yes
636,1465-VINDH,10,1,0,1,Credit card (automatic),102.1,1068.85,Yes
637,5474-LAMUQ,24,1,1,0,Mailed check,20.1,533.9,No
638,3468-DRVQJ,10,1,1,0,Electronic check,70.3,676.15,No
639,1122-YJBCS,69,1,1,1,Credit card (automatic),53.65,3804.4,No
640,4990-ALDGW,57,1,2,0,Mailed check,20.75,1118.8,No
641,4816-OKWNX,50,1,1,1,Bank transfer (automatic),103.4,5236.4,No
642,3315-IKYZQ,28,0,1,0,Mailed check,50.8,1386.8,No
643,2810-FTLEM,16,1,0,1,Electronic check,50.15,762.25,Yes
644,4747-LCAQL,25,1,0,1,Mailed check,79,1902,No
645,3411-WLRSQ,3,1,0,1,Bank transfer (automatic),74.6,239.05,No
646,0898-XCGTF,61,1,1,1,Bank transfer (automatic),96.5,5673.7,No
647,8006-PYCSW,2,1,0,0,Mailed check,20.1,39.8,No
648,8249-THVEC,51,1,1,0,Mailed check,19.4,997.75,No
649,8722-PRFDV,71,1,2,0,Credit card (automatic),77.55,5574.35,No
650,2164-SOQXL,20,1,0,0,Mailed check,20.05,406.05,No
651,4020-KIUDI,6,1,0,0,Credit card (automatic),19.85,138.85,No
652,5850-BDWCY,6,1,0,0,Mailed check,20.2,123.65,No
653,2038-YSEZE,29,1,0,0,Mailed check,67.45,1801.1,No
654,0827-ITJPH,36,1,2,1,Credit card (automatic),18.55,689,No
655,8799-OXZMD,28,0,0,1,Mailed check,29.75,790.7,No
656,1925-TIBLE,7,1,0,1,Electronic check,86.5,582.5,Yes
657,1705-GUHPV,63,1,2,0,Mailed check,24.2,1618.2,No
658,4779-ZGICK,48,1,2,0,Mailed check,23.55,1173.35,No
659,0048-PIHNL,49,1,1,0,Bank transfer (automatic),20.45,900.9,No
660,0818-OCPZO,27,1,0,1,Electronic check,81.45,2122.05,Yes
661,3967-KXAPS,72,1,2,0,Credit card (automatic),92.3,6719.9,No
662,1447-GIQMR,1,1,0,1,Electronic check,69.15,69.15,Yes
663,3704-IEAXF,72,0,2,0,Credit card (automatic),53.65,3784,No
664,6810-VCAEX,47,0,1,0,Credit card (automatic),39.65,1798.65,No
665,0674-EYYZV,1,1,0,1,Electronic check,54.65,54.65,No
666,4480-MBMLB,36,1,1,1,Bank transfer (automatic),104.8,3886.45,No
667,1395-OFUWC,43,0,0,0,Credit card (automatic),29.3,1224.05,No
668,0822-QGCXA,27,1,0,0,Electronic check,83.85,2310.2,No
669,0872-NXJYS,9,1,0,1,Electronic check,79.55,723.4,Yes
670,2832-KJCRD,38,1,0,1,Electronic check,103.65,3988.5,No
671,3588-WSTTJ,35,1,0,1,Electronic check,99.05,3554.6,No
672,5090-EMGTC,59,1,2,1,Mailed check,100.05,6034.85,No
673,2346-CZYIL,27,1,2,0,Credit card (automatic),20.35,531.6,No
674,3798-EPWRR,2,1,0,0,Electronic check,43.95,85.1,No
675,6258-NGCNG,7,1,0,0,Mailed check,23.5,173,No
676,4186-ZBUEW,36,1,1,1,Mailed check,70.7,2511.95,No
677,5274-XHAKY,41,1,0,1,Bank transfer (automatic),94.3,3893.6,No
678,1442-BQPVU,13,0,0,0,Electronic check,29.15,357.15,No
679,3978-YNKDD,19,1,2,0,Credit card (automatic),20.85,467.5,No
680,4940-KHCWD,60,0,2,0,Bank transfer (automatic),37.7,2288.7,No
681,9412-ARGBX,48,1,2,1,Mailed check,95.5,4627.85,Yes
682,1389-CXMLU,3,1,0,0,Electronic check,91.05,289.1,Yes
683,9589-ABEPT,69,1,2,1,Mailed check,92.45,6460.55,No
684,9388-ZEYVT,43,0,1,0,Electronic check,44.15,1931.3,No
685,0305-SQECB,11,0,1,1,Mailed check,36.05,402.6,No
686,7605-SNLQG,45,1,0,1,Credit card (automatic),50.25,2221.55,No
687,4670-TABXH,72,1,2,1,Credit card (automatic),109.75,7758.9,No
688,5561-NWEVX,2,1,0,0,Electronic check,79.2,172.85,Yes
689,0064-SUDOG,12,1,2,0,Bank transfer (automatic),20.3,224.5,No
690,8561-NMTBD,67,1,1,1,Credit card (automatic),112.35,7388.45,No
691,5161-XEUVX,37,1,2,0,Mailed check,94.3,3460.95,No
692,8292-FRFZQ,39,0,1,0,Bank transfer (automatic),41.15,1700.9,No
693,8591-NXRCV,41,1,0,1,Bank transfer (automatic),74.65,3090.65,No
694,7895-VONWT,25,0,0,1,Electronic check,48.25,1293.8,No
695,4526-RMTLL,8,1,2,1,Credit card (automatic),76.15,645.8,No
696,6253-GNHWH,71,1,2,0,Mailed check,71.1,5224.95,No
697,4566-NECEV,5,1,0,0,Electronic check,96.55,500.1,No
698,8080-POTJR,30,1,1,1,Credit card (automatic),79.3,2427.1,No
699,6906-MPARY,40,1,1,1,Credit card (automatic),89.6,3488.15,No
700,3662-FXJFO,54,1,2,1,Mailed check,20.5,1035.7,No
701,8107-RZLNV,72,1,2,1,Bank transfer (automatic),106.3,7565.35,No
702,0516-OOHAR,28,1,1,0,Bank transfer (automatic),100.35,2799,No
703,2027-CWDNU,18,1,0,1,Electronic check,85.6,1601.5,No
704,2737-WFVYW,2,0,0,1,Electronic check,45.25,85.5,Yes
705,9912-OMZDS,59,1,1,1,Electronic check,106.15,6256.2,No
706,3733-ZEECP,22,1,0,1,Electronic check,51.1,1232.9,No
707,7878-RTCZG,1,1,0,0,Mailed check,19.9,19.9,No
708,2452-MRMZF,72,1,2,1,Credit card (automatic),25.7,1937.4,No
709,2272-QAGFO,14,1,0,1,Electronic check,74.3,1096.25,Yes
710,7103-IPXPJ,50,1,1,0,Electronic check,99.4,5059.75,No
711,4342-HFXWS,48,1,1,0,Bank transfer (automatic),69.7,3023.65,No
712,3545-CNWRG,49,1,0,1,Electronic check,98.35,4889.2,No
713,1785-BPHTP,28,1,0,0,Electronic check,85.45,2289.9,No
714,4989-LIXVT,68,1,0,1,Electronic check,95.9,6503.2,No
715,7315-WYOAW,13,1,0,0,Electronic check,100.75,1313.25,No
716,1173-XZPYF,11,1,0,1,Electronic check,89.2,990.3,No
717,9850-OWRHQ,3,1,0,1,Credit card (automatic),74.1,228,Yes
718,3768-NLUBH,57,1,0,0,Electronic check,100.6,5746.15,Yes
719,8676-TRMJS,3,1,0,0,Mailed check,75,209.1,Yes
720,2509-TFPJU,72,1,2,0,Credit card (automatic),25.75,1864.2,No
721,9530-GRMJG,70,1,2,1,Electronic check,84.1,5979.7,No
722,6898-RBTLU,49,1,2,0,Bank transfer (automatic),79.3,3902.45,No
723,5481-NTDOH,67,1,1,1,Credit card (automatic),107.05,7142.5,No
724,2068-WWXQZ,46,1,2,0,Bank transfer (automatic),20.05,902,No
725,7359-SSBJK,64,1,2,1,Credit card (automatic),70.2,4481,Yes
726,2061-VVFST,37,1,0,0,Bank transfer (automatic),19.5,805.2,No
727,0685-MLYYM,2,1,0,0,Electronic check,70.75,154.85,Yes
728,0749-IRGQE,13,0,0,0,Electronic check,45.3,528.45,No
729,2380-DAMQP,72,1,2,0,Electronic check,115.15,8349.7,No
730,2256-YLYLP,68,1,2,1,Bank transfer (automatic),72.95,4953.25,No
731,1272-ILHFG,15,1,1,0,Mailed check,19.65,332.65,No
732,0164-XAIRP,24,1,2,1,Bank transfer (automatic),19.55,470.2,No
733,5666-CYCYZ,24,1,0,1,Electronic check,89.55,2259.35,No
734,4011-ARPHK,27,1,0,0,Mailed check,50.35,1411.35,No
735,8182-PNAGI,12,1,0,0,Bank transfer (automatic),50.25,593.75,Yes
736,6365-HITVU,71,1,2,0,Credit card (automatic),87.25,6328.7,No
737,7558-IMLMT,67,1,2,1,Mailed check,20.8,1411.9,No
738,9488-FYQAU,63,1,2,1,Bank transfer (automatic),109.25,6841.4,No
739,3590-TCXTB,1,1,0,0,Mailed check,20.35,20.35,No
740,6994-KERXL,4,1,0,1,Electronic check,55.9,238.5,No
741,7957-RYHQD,40,1,0,1,Credit card (automatic),79.2,3233.85,Yes
742,2180-DXNEG,12,1,0,1,Electronic check,96,1062.1,Yes
743,1960-UOTYM,52,1,2,0,Electronic check,79.2,4016.3,No
744,2740-JFBOK,10,1,0,1,Electronic check,24,226.55,No
745,6500-JVEGC,68,1,1,0,Bank transfer (automatic),101.35,7110.75,No
746,5515-AKOAJ,54,1,0,1,Electronic check,100.1,5440.9,Yes
747,8976-OQHGT,4,1,0,0,Mailed check,56.5,235.1,Yes
748,5245-VDBUR,52,0,1,0,Mailed check,35.45,1958.95,No
749,6230-BSUXY,1,1,0,1,Electronic check,85,85,Yes
750,8469-SNFFH,70,1,1,0,Bank transfer (automatic),79.4,5528.9,No
751,2144-ESWKO,43,0,1,1,Credit card (automatic),35.2,1463.7,No
752,1241-FPMOF,52,1,2,0,Mailed check,19.65,1025.05,No
753,9928-BZVLZ,12,0,2,0,Mailed check,49.85,552.1,No
754,4114-QMKVN,56,1,1,0,Bank transfer (automatic),68.75,3815.4,No
755,9003-CPATH,42,1,0,0,Electronic check,79.9,3313.4,No
756,1754-GKYPY,22,1,0,1,Bank transfer (automatic),89.75,1938.9,No
757,5294-CDGWY,51,0,1,0,Electronic check,59.3,3014.65,Yes
758,7956-XQWGU,27,1,0,1,Credit card (automatic),19.4,460.25,No
759,1591-MQJTP,51,1,1,1,Bank transfer (automatic),93.65,4839.15,No
760,5295-PCJOO,4,1,0,1,Electronic check,49.4,184.4,Yes
761,2369-FEVNO,1,1,0,1,Mailed check,19.9,19.9,No
762,9863-JZAIC,35,1,0,0,Mailed check,55,2010.55,Yes
763,7471-MQPOS,71,1,1,1,Bank transfer (automatic),72.9,5139.65,No
764,7660-HDPJV,1,1,0,1,Electronic check,69.2,69.2,Yes
765,5115-SQAAU,69,1,2,1,Bank transfer (automatic),25.6,1673.4,No
766,9845-QOMAD,14,1,1,0,Mailed check,19.75,309.35,No
767,7672-VFMXZ,57,1,0,0,Electronic check,55.7,3171.6,No
768,9739-JLPQJ,72,1,2,0,Credit card (automatic),117.5,8670.1,No
769,9916-AYHTC,48,1,2,0,Credit card (automatic),19.85,916,No
770,3855-ONCAR,4,1,0,1,Mailed check,78.9,299.75,No
771,1488-SYSFC,31,1,0,1,Electronic check,20.65,702.05,No
772,7931-PXHFC,38,1,1,1,Mailed check,62.3,2354.8,Yes
773,3990-QYKBE,37,1,0,1,Electronic check,92.5,3473.4,Yes
774,0970-QXPXW,1,1,0,0,Mailed check,19.65,19.65,No
775,3259-KNMRR,57,1,2,1,Bank transfer (automatic),79.75,4438.2,No
776,6120-RJKLU,62,1,2,1,Credit card (automatic),79.95,4819.75,No
777,9572-WUKSB,3,0,0,1,Electronic check,29.9,92.25,No
778,5893-KCLGT,72,1,2,1,Mailed check,19.75,1567,No
779,0076-LVEPS,29,0,0,1,Mailed check,45,1242.45,No
780,3640-JQGJG,13,1,0,0,Bank transfer (automatic),44.8,559.2,No
781,4919-MOAVT,3,1,0,0,Electronic check,69.65,220.1,Yes
782,1596-OQSPS,11,1,0,0,Electronic check,51.1,531.15,No
783,9867-XOBQA,21,0,2,0,Mailed check,53.15,1183.2,No
784,9546-KDTRB,19,1,0,0,Bank transfer (automatic),24.7,465.85,No
785,3090-HAWSU,61,1,2,1,Credit card (automatic),111.6,6876.05,Yes
786,9820-RMCQV,11,1,0,0,Credit card (automatic),48.55,501,Yes
787,3174-RKMOW,35,1,0,1,Electronic check,109.95,3782.4,No
788,1760-CAZHT,25,1,0,0,Mailed check,20.8,460.2,No
789,7839-QRKXN,1,1,0,1,Mailed check,20.2,20.2,Yes
790,8441-SHIPE,67,1,2,1,Bank transfer (automatic),25.6,1790.35,No
791,5204-QZXPU,19,0,0,1,Electronic check,39.65,733.35,Yes
792,4597-ELFTS,56,1,1,0,Electronic check,24.9,1334,Yes
793,1320-GVNHT,72,1,2,1,Credit card (automatic),108.4,7767.25,No
794,1047-RNXZV,43,1,2,0,Mailed check,19.55,876.15,No
795,3541-ZNUHK,55,1,0,1,Electronic check,85.1,4600.95,No
796,8450-JOVAH,2,1,0,0,Mailed check,56.7,113.55,Yes
797,8725-JEDFD,27,1,0,1,Mailed check,69.05,1793.25,No
798,7562-UXTPG,13,1,0,1,Mailed check,70.15,886.7,No
799,8071-SBTRN,70,1,2,1,Mailed check,111.15,7737.55,No
800,1113-IUJYX,14,1,1,0,Mailed check,105.95,1348.9,Yes
801,6668-CNMFP,19,1,1,1,Bank transfer (automatic),89.35,1686.85,No
802,5626-MGTUK,20,1,0,1,Bank transfer (automatic),89.1,1879.25,No
803,5681-LLOEI,43,1,1,1,Credit card (automatic),91.25,4013.8,No
804,8212-DJRCH,5,1,0,1,Mailed check,90.35,434.5,No
805,4323-OHFOW,70,1,1,1,Bank transfer (automatic),105.55,7195.35,No
806,4933-BSAIP,40,1,2,0,Mailed check,19.1,780.1,No
807,2030-BTZRO,6,1,2,1,Credit card (automatic),20.4,107.6,No
808,1116-DXXDF,39,1,2,1,Electronic check,100.45,3801.7,No
809,9274-CNFMO,4,1,0,0,Electronic check,74.95,308.7,Yes
810,7758-XKCBS,15,0,0,1,Electronic check,29.7,438.25,Yes
811,8992-JQYUN,1,0,0,1,Electronic check,50.35,50.35,Yes
812,6563-VNPMN,45,1,0,1,Bank transfer (automatic),85.7,3778.1,No
813,0617-AQNWT,64,0,2,0,Electronic check,47.85,3147.5,Yes
814,2267-WTPYD,57,1,0,0,Credit card (automatic),94,5438.95,No
815,0270-THENM,72,1,2,0,Bank transfer (automatic),69.85,5102.35,No
816,2446-PLQVO,1,1,0,1,Electronic check,70.3,70.3,Yes
817,4707-MAXGU,72,1,2,0,Credit card (automatic),25.85,1872.2,No
818,2710-WYVXG,3,1,2,0,Mailed check,71.1,213.35,No
819,3005-NFMTA,55,1,0,1,Electronic check,98.8,5617.75,Yes
820,6300-BWMJX,59,1,0,0,Electronic check,93.35,5386.5,No
821,8784-CGILN,18,1,0,1,Bank transfer (automatic),99.85,1776.95,Yes
822,5389-FFVKB,32,1,0,1,Credit card (automatic),80.3,2483.05,Yes
823,7009-LGECI,4,1,0,1,Bank transfer (automatic),50.55,235.65,No
824,8444-WRIDW,66,1,0,1,Credit card (automatic),80.45,5224.35,Yes
825,5022-KVDQT,27,1,0,1,Electronic check,81.3,2272.8,No
826,7976-CICYS,4,1,0,1,Credit card (automatic),20.7,83.75,No
827,1036-GUDCL,60,1,0,1,Credit card (automatic),79.05,4663.4,No
828,2005-DWQZJ,8,1,2,0,Mailed check,19.05,201.7,No
829,8148-WOCMK,8,1,2,0,Credit card (automatic),19.6,125,No
830,7815-PDTHL,35,1,2,1,Mailed check,20.2,684.4,No
831,9451-LPGOO,7,1,0,1,Electronic check,86.8,620.35,Yes
832,9173-IVZVP,53,1,2,0,Mailed check,20.9,1146.05,No
833,9129-UXERG,18,1,0,1,Credit card (automatic),103.6,1806.35,No
834,3635-JBPSG,15,0,2,1,Mailed check,38.8,603,No
835,7964-ZRKKG,67,1,1,1,Bank transfer (automatic),88.4,5798.3,No
836,5868-YWPDW,6,1,0,1,Electronic check,84.2,519.15,Yes
837,6229-LSCKB,6,1,0,1,Electronic check,79.7,497.6,No
838,2025-JKFWI,13,1,0,1,Mailed check,99,1301.7,Yes
839,4078-SAYYN,11,1,0,1,Electronic check,100.75,1129.75,Yes
840,1724-IQWNM,1,1,0,1,Mailed check,19.3,19.3,No
841,8217-QYOHV,5,1,0,1,Mailed check,55.75,266.95,No
842,5546-QUERU,13,1,1,1,Mailed check,19.95,257,No
843,9940-HPQPG,9,1,0,0,Bank transfer (automatic),91.75,865.8,Yes
844,6897-UUBNU,29,1,0,0,Mailed check,89.65,2623.65,No
845,6127-IYJOZ,1,1,0,1,Mailed check,45.85,45.85,No
846,6618-RYATB,1,1,0,1,Mailed check,79.55,79.55,Yes
847,8930-XOTDP,18,1,0,0,Mailed check,55.95,1082.8,No
848,5916-QEWPT,2,1,0,0,Credit card (automatic),69,147.8,No
849,5060-TQUQN,30,1,0,1,Bank transfer (automatic),83.55,2570.2,No
850,0531-XBKMM,66,1,2,0,Bank transfer (automatic),65.7,4378.9,No
851,8465-SBRXP,38,1,2,1,Bank transfer (automatic),94.9,3616.25,No
852,2408-PSJVE,44,1,0,1,Mailed check,61.9,2924.05,No
853,9079-YEXQJ,54,1,0,0,Electronic check,111.1,6014.85,Yes
854,9700-ZCLOT,2,1,0,0,Mailed check,20,32.7,No
855,8738-JOKAR,42,1,1,1,Mailed check,67.7,2882.25,No
856,4534-WGCIR,58,1,2,0,Credit card (automatic),25.15,1509.9,No
857,1930-WNXSB,58,1,0,1,Electronic check,92.85,5305.05,No
858,2685-SREOM,25,1,0,1,Electronic check,89.1,2368.4,Yes
859,3508-CFVZL,71,1,2,0,Mailed check,111.3,7985.9,No
860,0402-CQAJN,37,1,0,1,Bank transfer (automatic),101.9,3545.35,Yes
861,6692-UDPJC,14,1,0,1,Electronic check,91.65,1301,Yes
862,1273-MTETI,4,1,0,1,Electronic check,88.85,372.45,Yes
863,0657-DOGUM,48,1,1,1,Bank transfer (automatic),60.6,2985.25,No
864,5480-HPRRX,3,0,0,0,Electronic check,25.3,77.75,Yes
865,8792-AOROI,8,1,2,0,Mailed check,65.5,564.35,No
866,0295-PPHDO,1,1,0,1,Electronic check,95.45,95.45,Yes
867,5146-YYFRZ,67,1,2,0,Bank transfer (automatic),19.95,1311.75,No
868,1195-OIYEJ,13,1,0,1,Electronic check,91.1,1135.7,Yes
869,5906-CVLHP,45,1,1,1,Credit card (automatic),54.15,2319.8,Yes
870,3452-SRFEG,49,1,0,1,Bank transfer (automatic),74.6,3720.35,No
871,4070-OKWVH,52,1,0,0,Bank transfer (automatic),94.6,5025.8,No
872,5297-MDOIR,63,1,1,1,Credit card (automatic),81.15,5224.5,No
873,6369-MCAKO,68,1,2,1,Bank transfer (automatic),89.05,6185.8,No
874,4926-UMJZD,31,1,0,1,Mailed check,49.2,1498.55,No
875,6848-HJTXY,64,1,2,0,Credit card (automatic),19.45,1208.6,No
876,6341-AEVKX,62,1,1,1,Electronic check,104.3,6613.65,No
877,4501-EQDRN,1,1,0,0,Bank transfer (automatic),69.7,69.7,Yes
878,2990-HWIML,6,1,0,1,Electronic check,89.5,573.3,Yes
879,0682-USIXD,21,1,0,1,Electronic check,86.05,1818.9,No
880,6976-BWGLQ,72,1,2,0,Bank transfer (automatic),25.2,1787.35,No
881,7078-NVFAM,32,0,0,1,Electronic check,35.15,1051.05,No
882,8065-QBYTO,71,1,1,1,Credit card (automatic),99.65,7181.25,No
883,2133-TSRRM,34,1,0,1,Bank transfer (automatic),105.35,3688.6,No
884,7384-GHBPI,3,0,0,1,Electronic check,35.15,99.75,Yes
885,7603-USHJS,12,1,0,1,Credit card (automatic),73.75,871.4,Yes
886,7234-FECYN,8,1,0,0,Electronic check,101.35,780.5,Yes
887,2511-ALLCS,35,1,2,0,Bank transfer (automatic),24.3,821.6,No
888,3191-CSNMG,3,1,0,1,Electronic check,80.7,239.45,No
889,7952-OBOYL,3,1,0,1,Mailed check,89.85,244.45,No
890,7470-DYNOE,53,1,1,1,Electronic check,61.1,3357.9,No
891,7853-OETYL,4,0,0,1,Electronic check,29.05,129.6,No
892,1545-ACTAS,48,1,1,1,Bank transfer (automatic),99.7,4977.2,No
893,5876-HZVZM,6,1,0,0,Credit card (automatic),55.9,365.35,Yes
894,1400-MMYXY,3,1,0,1,Electronic check,105.9,334.65,Yes
895,5126-RCXYW,54,0,2,0,Credit card (automatic),46,2424.05,No
896,3085-QUOZK,1,1,0,0,Mailed check,43.95,43.95,Yes
897,2363-BJLSL,62,1,0,1,Bank transfer (automatic),80.4,4981.15,No
898,1956-YIFGE,22,1,1,1,Mailed check,100.05,2090.25,No
899,3926-CUQZX,1,1,0,1,Bank transfer (automatic),45.1,45.1,Yes
900,7921-LMDFQ,51,1,1,1,Bank transfer (automatic),94,4905.75,No
901,2925-MXLSX,30,1,1,1,Credit card (automatic),68.95,2038.7,No
902,5820-PTRYM,56,1,1,1,Credit card (automatic),68.45,4014,No
903,9609-BENEA,35,1,1,1,Electronic check,69,2441.7,No
904,6211-WHMYA,64,0,0,1,Electronic check,43.85,2751,No
905,4459-BBGHE,30,0,0,1,Electronic check,44.5,1307.8,No
906,9945-PSVIP,25,1,2,1,Mailed check,18.7,383.65,No
907,1041-RXHRA,41,1,0,0,Bank transfer (automatic),70.25,2868.05,Yes
908,1750-CSKKM,9,1,0,0,Electronic check,55.35,449.75,Yes
909,9108-EJFJP,1,1,0,1,Mailed check,53.55,53.55,No
910,0530-IJVDB,70,1,2,1,Electronic check,114.6,7882.5,No
911,0508-SQWPL,57,1,2,1,Bank transfer (automatic),20.1,1087.7,No
912,2215-ZAFGX,9,1,0,1,Electronic check,85.5,791.7,No
913,8213-TAZPM,69,1,1,1,Bank transfer (automatic),108.75,7493.05,No
914,7142-HVGBG,43,1,0,1,Electronic check,103,4414.3,Yes
915,1304-SEGFY,72,1,2,1,Electronic check,97.85,6841.3,No
916,7242-EDTYC,44,1,2,0,Bank transfer (automatic),19.55,819.95,No
917,2904-GGUAZ,72,1,2,1,Bank transfer (automatic),84.05,6052.25,No
918,8267-ZNYVZ,33,1,1,1,Electronic check,103.75,3361.05,Yes
919,5136-GFPMB,54,1,0,0,Credit card (automatic),89.4,4869.5,No
920,2595-KIWPV,27,1,2,0,Credit card (automatic),19.7,509.3,No
921,5243-SAOTC,54,1,0,1,Bank transfer (automatic),79.85,4308.25,No
922,9398-MMQTO,3,1,0,0,Credit card (automatic),74.45,221.1,No
923,7619-PLRLP,53,1,1,0,Bank transfer (automatic),74.1,3833.95,No
924,6457-GIRWB,1,1,0,1,Electronic check,69.35,69.35,Yes
925,6508-NJYRO,15,1,1,0,Mailed check,18.8,294.95,No
926,1450-SKCVI,56,1,0,1,Electronic check,73.85,4092.85,Yes
927,4710-NKCAW,5,1,0,0,Credit card (automatic),64.4,316.9,No
928,5306-BVTKJ,48,1,1,1,Credit card (automatic),55.8,2651.2,No
929,0357-NVCRI,25,1,0,0,Credit card (automatic),20.05,471.7,No
930,5570-PTWEH,3,1,0,1,Credit card (automatic),75.15,216.75,Yes
931,2371-KFUOG,58,1,1,0,Bank transfer (automatic),99.15,5720.95,No
932,0463-ZSDNT,10,1,0,1,Bank transfer (automatic),56.75,503.25,No
933,6502-MJQAE,1,1,0,1,Electronic check,69.6,69.6,Yes
934,6257-DTAYD,71,1,2,1,Credit card (automatic),104.15,7365.3,No
935,4616-ULAOA,65,1,2,1,Credit card (automatic),110.8,7245.9,No
936,7693-LCKZL,5,1,0,1,Electronic check,80.15,385,Yes
937,7746-AWNQW,28,0,0,1,Mailed check,35.75,961.4,No
938,5996-EBTKM,67,1,2,1,Bank transfer (automatic),69.9,4615.9,No
939,2758-RNWXS,35,1,1,1,Electronic check,89.2,3251.3,No
940,2314-TNDJQ,72,0,2,0,Credit card (automatic),55.65,3880.05,No
941,2405-LBMUW,61,0,1,1,Bank transfer (automatic),50.7,3088.75,No
942,3454-JFUBC,68,1,2,1,Credit card (automatic),20,1396,No
943,0032-PGELS,1,0,0,0,Bank transfer (automatic),30.5,30.5,Yes
944,9039-ZVJDC,3,1,0,1,Mailed check,19.1,53.05,No
945,6797-LNAQX,70,1,2,0,Bank transfer (automatic),98.3,6859.5,Yes
946,9013-AQORL,48,0,0,0,Credit card (automatic),45.55,2108.35,No
947,2898-MRKPI,68,1,1,1,Credit card (automatic),101.05,6770.5,No
948,2750-BJLSB,47,1,1,1,Electronic check,103.7,4730.6,No
949,3648-GZPHF,32,0,1,1,Mailed check,36.25,1151.05,No
950,2075-RMJIK,5,1,0,1,Mailed check,49.4,232.55,No
951,9588-YRFHY,49,1,2,1,Credit card (automatic),19.9,1022.6,No
952,6394-MFYNG,48,1,0,1,Bank transfer (automatic),107.4,5121.3,Yes
953,1564-NTYXF,13,1,0,1,Electronic check,82,1127.2,Yes
954,9364-YKUVW,15,1,0,1,Mailed check,19.8,309.4,No
955,5392-AKEMH,12,1,0,1,Electronic check,45.05,523.1,No
956,2451-YMUXS,67,1,2,1,Bank transfer (automatic),64.55,4250.1,No
957,3914-FDRHP,9,1,0,0,Electronic check,86.25,770.5,No
958,3078-ZKNTS,13,1,2,1,Bank transfer (automatic),19.75,246.7,No
959,1024-KPRBB,38,1,1,1,Mailed check,89.1,3342,No
960,4690-PKDQG,42,1,0,1,Electronic check,95.55,3930.6,No
961,8155-IBNHG,24,1,0,1,Credit card (automatic),75.4,1747.85,Yes
962,0886-QGENL,27,1,0,1,Electronic check,101.25,2754.45,Yes
963,9547-ITEFG,9,1,0,1,Credit card (automatic),102.6,897.75,No
964,1264-FUHCX,49,0,1,1,Credit card (automatic),56.3,2780.6,No
965,7789-CRUVC,61,1,0,1,Credit card (automatic),94.2,5895.45,No
966,6598-KELSS,50,0,1,1,Bank transfer (automatic),43.05,2208.05,No
967,8739-WWKDU,25,1,0,1,Electronic check,89.5,2196.15,Yes
968,8685-WHQPW,22,1,0,1,Bank transfer (automatic),74.4,1692.6,Yes
969,4745-LSPLO,1,1,0,0,Mailed check,20.5,20.5,Yes
970,8083-YTZES,4,1,0,1,Electronic check,74.35,265.35,Yes
971,7240-FQLHE,18,1,0,0,Bank transfer (automatic),99.75,1836.25,Yes
972,6664-FPDAC,56,1,1,1,Electronic check,111.95,6418.9,Yes
973,9972-VAFJJ,53,1,1,1,Electronic check,94,4871.45,No
974,0422-UXFAP,51,1,1,1,Electronic check,98.85,4947.55,No
975,1904-WAJAA,24,1,2,0,Electronic check,64.35,1558.65,No
976,5130-YPIRV,62,1,2,1,Credit card (automatic),72,4284.2,No
977,2843-CQMEG,24,1,0,1,Mailed check,49.7,1218.25,No
978,6439-PKTRR,70,1,2,0,Electronic check,80.7,5617.95,No
979,5351-QESIO,1,0,0,0,Mailed check,24.2,24.2,No
980,0786-VSSUD,16,0,0,1,Mailed check,39,679.85,Yes
981,5568-DMXZS,8,1,0,1,Electronic check,65.45,554.45,No
982,8468-FZTOE,72,1,2,1,Electronic check,74.35,5237.4,No
983,6633-SYEUS,23,1,0,0,Bank transfer (automatic),83.2,2032.3,No
984,6447-GORXK,31,0,0,0,Credit card (automatic),25,789.2,No
985,6967-PEJLL,37,0,1,1,Electronic check,40.2,1525.35,No
986,3976-BWUCK,30,1,0,1,Credit card (automatic),94.1,2804.45,Yes
987,5981-ZVXOT,35,1,1,1,Electronic check,108.35,3726.15,No
988,1684-FLBGS,23,1,0,1,Credit card (automatic),69.5,1652.1,No
989,1389-WNUIB,20,1,1,0,Bank transfer (automatic),76,1588.75,No
990,0376-OIWME,36,1,0,1,Electronic check,93.6,3366.05,No
991,3585-ISXZP,8,1,0,0,Bank transfer (automatic),95.65,778.1,Yes
992,0218-QNVAS,71,1,1,0,Bank transfer (automatic),100.55,7113.75,No
993,6583-QGCSI,50,1,0,1,Electronic check,88.05,4367.35,Yes
994,0804-YGEQV,43,1,1,1,Bank transfer (automatic),24.45,993.15,No
995,7164-BPTUT,57,1,2,0,Mailed check,89.55,5012.35,No
996,4174-LPGTI,41,1,1,1,Bank transfer (automatic),66.5,2728.6,Yes
997,2523-EWWZL,27,1,0,1,Electronic check,76.1,2093.4,No
998,0928-XUTSN,13,1,0,1,Electronic check,80.5,1011.8,No
999,2108-XWMPY,3,0,0,1,Mailed check,35.45,106.85,Yes
1000,0052-YNYOT,67,1,1,0,Electronic check,20.55,1343.4,No
1001,6304-IJFSQ,3,1,0,1,Mailed check,49.9,130.1,Yes
1002,9586-JGQKH,64,1,2,1,Bank transfer (automatic),105.4,6794.75,No
1003,4501-VCPFK,26,0,0,0,Electronic check,35.75,1022.5,No
1004,6075-SLNIL,38,1,0,1,Credit card (automatic),95.1,3691.2,No
1005,9347-AERRL,23,1,1,0,Credit card (automatic),19.3,486.2,No
1006,0093-XWZFY,40,1,0,1,Credit card (automatic),104.5,4036.85,Yes
1007,2274-XUATA,72,0,2,1,Bank transfer (automatic),63.1,4685.55,No
1008,1980-KXVPM,3,1,0,1,Credit card (automatic),75.05,256.25,Yes
1009,7703-ZEKEF,23,1,0,1,Electronic check,81,1917.1,Yes
1010,0723-DRCLG,1,1,0,1,Electronic check,74.45,74.45,Yes
1011,5482-NUPNA,4,1,0,1,Mailed check,60.4,272.15,Yes
1012,6691-CCIHA,62,1,2,1,Electronic check,84.95,5150.55,No
1013,1685-BQULA,40,1,0,1,Bank transfer (automatic),93.4,3756.4,No
1014,9053-EJUNL,41,1,0,1,Electronic check,89.2,3645.75,No
1015,0666-UXTJO,34,1,0,1,Credit card (automatic),85.2,2874.45,No
1016,1471-GIQKQ,1,1,0,0,Electronic check,49.95,49.95,No
1017,4807-IZYOZ,51,1,2,0,Bank transfer (automatic),20.65,1020.75,No
1018,1122-JWTJW,1,1,0,1,Mailed check,70.65,70.65,Yes
1019,9710-NJERN,39,1,2,0,Mailed check,20.15,826,No
1020,9837-FWLCH,12,1,0,1,Electronic check,19.2,239,No
1021,1699-HPSBG,12,1,1,1,Electronic check,59.8,727.8,Yes
1022,7203-OYKCT,72,1,1,1,Electronic check,104.95,7544.3,No
1023,1035-IPQPU,63,1,0,1,Electronic check,103.5,6479.4,No
1024,7398-LXGYX,44,1,0,1,Credit card (automatic),84.8,3626.35,No
1025,2823-LKABH,18,1,0,1,Bank transfer (automatic),95.05,1679.4,No
1026,8775-CEBBJ,9,1,0,1,Bank transfer (automatic),44.2,403.35,Yes
1027,0550-DCXLH,13,1,0,0,Mailed check,73.35,931.55,No
1028,9281-CEDRU,68,1,2,0,Bank transfer (automatic),64.1,4326.25,No
1029,2235-DWLJU,6,0,0,1,Electronic check,44.4,263.05,No
1030,0871-OPBXW,2,1,0,1,Mailed check,20.05,39.25,No
1031,3605-JISKB,55,1,1,0,Credit card (automatic),60,3316.1,No
1032,6894-LFHLY,1,1,0,1,Electronic check,75.75,75.75,Yes
1033,9767-FFLEM,38,1,0,1,Credit card (automatic),69.5,2625.25,No
1034,0639-TSIQW,67,1,0,1,Credit card (automatic),102.95,6886.25,Yes
1035,8456-QDAVC,19,1,0,1,Bank transfer (automatic),78.7,1495.1,No
1036,7750-EYXWZ,12,0,1,0,Electronic check,60.65,743.3,No
1037,2569-WGERO,72,1,2,1,Bank transfer (automatic),21.15,1419.4,No
1038,6840-RESVB,24,1,1,1,Mailed check,84.8,1990.5,No
1039,2234-XADUH,72,1,1,1,Credit card (automatic),103.2,7362.9,No
1040,4801-JZAZL,11,0,0,1,Electronic check,29.6,346.45,No
1041,8361-LTMKD,4,1,0,1,Mailed check,74.4,306.6,Yes
1042,3186-AJIEK,66,1,2,1,Bank transfer (automatic),105.65,6844.5,No
